FirstName,LastName,ADP_SF,Position,Y0_VORP,Y1_VORP,Y2_VORP,Y3_VORP,Y4_VORP,Y5_VORP,Y6_VORP,Y7_VORP,Y8_VORP,Y9_VORP,Y10_VORP,Y11_VORP,Y12_VORP,Y13_VORP,Y14_VORP,Y15_VORP,Y16_VORP,Y17_VORP,Y18_VORP,Y19_VORP,Y20_VORP
Justin,Jefferson,5.1,WR,10.50952668,8.912354034,9.955803414,6.991368548,6.667605033,4.738969155,4.571521926,2.693743956,2.920959401,1.325712414,0.990565997,0.490122908,0.366732737,0,0,0,0,0,0,0,0
Austin,Ekeler,29.7,RB,8.146552036,5.300231633,3.73964077,3.116885273,0.82407759,0.44893024,0.056748933,0.054925375,0,0,0,0,0,0,0,0,0,0,0,0,0
Cooper,Kupp,31.5,WR,10.55215278,7.969644334,6.163163306,4.714964348,3.678576574,1.616583998,1.296708451,0.656172843,0,0,0,0,0,0,0,0,0,0,0,0,0
Christian,McCaffrey,13,RB,7.905275735,6.087083358,5.264228171,2.373390994,1.645535835,0.654756883,0.888008117,0.169572618,0,0,0,0,0,0,0,0,0,0,0,0,0
Ja'Marr,Chase,7.6,WR,9.970057698,6.641833431,8.447928102,6.507140981,5.657597203,4.164383131,3.181006121,2.212226495,2.196381208,1.429266485,1.239635507,0.449834949,0.332865135,0,0,0,0,0,0,0,0
Travis,Kelce,21.4,TE,7.853831479,6.065632059,4.236348585,4.209952335,3.050711651,0,0,0,0,0,0,0,0,0,0,0,0,0,0,0,0
Bijan,Robinson,11.4,RB,6.998677283,8.714187852,5.567067777,6.222809279,4.409894031,3.070574574,2.853504794,2.495954755,1.05288205,0.534678792,0.441277138,0.269763759,0.06311646,0,0,0,0,0,0,0,0
Tyreek,Hill,23.9,WR,8.654592177,6.749349362,5.88097997,4.398386163,3.413421283,1.870978619,1.632863609,0.924950367,0.259322202,0,0,0,0,0,0,0,0,0,0,0,0
Jonathan,Taylor,20.3,RB,6.998677283,5.751731487,4.526071162,4.018910151,2.884470506,1.777472144,0.852579023,0.401912632,0.429324066,0.211952509,0.118226982,0,0,0,0,0,0,0,0,0,0
Derrick,Henry,53.3,RB,6.836554387,4.515251806,2.536790451,1.484648476,0.821465042,0.228892419,0.035809284,0.014160724,0.021422634,0,0,0,0,0,0,0,0,0,0,0,0
Saquon,Barkley,25.9,RB,7.072774725,5.096471889,3.752533524,2.499087584,1.644657975,0.795430283,0.651915292,0.234366111,0.021133855,0,0,0,0,0,0,0,0,0,0,0,0
Davante,Adams,45.7,WR,8.436796875,6.598297322,4.87812562,3.605387934,1.99080834,1.137555782,0.732230609,0.153353384,0,0,0,0,0,0,0,0,0,0,0,0,0
Stefon,Diggs,27.2,WR,7.040250668,5.447248131,4.817303695,3.491999847,2.711010138,1.739234914,1.159735969,0.671560401,0,0,0,0,0,0,0,0,0,0,0,0,0
CeeDee,Lamb,12.7,WR,7.13113659,6.884986255,6.4256821,5.635921963,5.059793647,3.178880871,2.907807433,1.59280346,1.582291626,0.873128219,0.520913597,0.430777764,0.235273765,0.242269554,0,0,0,0,0,0,0
Garrett,Wilson,15.7,WR,5.640865809,4.618416396,3.97868559,4.312879794,4.050337787,3.295164863,2.043343517,1.42726555,1.02262457,1.056298452,0.645419653,0.414164464,0.269360122,0.240592473,0.146757727,0,0,0,0,0,0
Amon-Ra,St Brown,17.4,WR,5.647908088,4.800563644,4.872305878,4.818021613,3.979791196,3.311791334,2.072432883,0.921416313,0.92809864,0.534392512,0.146296563,0.395824497,0.435681614,0.442740337,0,0,0,0,0,0,0
Josh,Jacobs,39.1,RB,6.828386461,6.064685883,4.68311683,2.879155946,1.602469071,0.842787725,0.22727059,0.326799264,0.31667389,0.135067899,0,0,0,0,0,0,0,0,0,0,0
Nick,Chubb,44.7,RB,6.179566563,3.863581258,2.787518462,1.273260063,0.660693077,0.205564528,0.114451824,0,0,0,0,0,0,0,0,0,0,0,0,0,0
AJ,Brown,14.1,WR,5.005247982,4.513597572,3.735508134,2.778012767,1.743646167,1.628207569,0.575188865,0.409108717,0.447134763,0.146025451,0.083648482,0,0,0,0,0,0,0,0,0,0
Jaylen,Waddle,19.7,WR,5.011805075,4.337291172,4.077413756,3.272772315,2.619527424,1.96707959,1.698374488,0.919517974,0.592450541,0.408804605,0.123878907,0.129922638,0,0,0,0,0,0,0,0,0
Tony,Pollard,50.3,RB,6.429599391,4.885382323,3.685432224,2.265007912,1.464449892,0.685669669,0.518009877,0.249832522,0.008899815,0,0,0,0,0,0,0,0,0,0,0,0
Breece,Hall,18.5,RB,5.986654209,6.529283614,5.269025081,4.85554959,4.599448972,2.94925122,3.444826228,1.333930874,0.631238756,0.728813653,0.28334331,0.049988141,0.004045806,0,0,0,0,0,0,0,0
Travis,Etienne,38.3,RB,5.107345495,4.101151786,3.328787124,2.393144157,2.029627062,1.270971788,0.681777189,0.242196563,0.408183423,0.193036979,0.033830715,0,0,0,0,0,0,0,0,0,0
Patrick,Mahomes,1.1,QB,9.062293178,6.200299553,5.782639916,5.570861231,5.78961303,6.10041189,4.759749346,3.355834837,2.882741985,3.440515251,2.381177208,0.755769461,0.44601636,0.361748897,0.324181678,0.384220451,0.409595483,0.254807789,0.254807789,0.254807789,0.254807789
Josh,Allen,2.5,QB,8.316931482,4.802116094,5.55596957,2.639401323,4.653322273,3.891647734,2.371845158,1.503558646,1.179784559,1.458505416,0.79113729,0.23744944,0.054626589,0,0,0,0,0,0,0,0
Jalen,Hurts,3.1,QB,8.080396187,7.956668636,6.003163534,5.8459933,5.582083514,5.274965508,5.555611886,5.157292495,4.131304074,3.220653494,2.453867907,1.750269875,0.994021119,0.421381551,0.086232843,0,0,0,0,0,0
DK,Metcalf,43.3,WR,4.837569147,3.682275809,3.045340103,2.20021386,1.801339396,1.422920831,0.983947903,0.546261657,0.499530207,0.117871081,0.047557919,0,0,0,0,0,0,0,0,0,0
Tee,Higgins,31.2,WR,4.94307082,4.410505185,3.938516994,3.364732094,2.599281713,1.936273057,1.188263797,0.983935844,0.669274955,0.417236553,0.103903883,0.138021124,0.061593691,0.045605877,0,0,0,0,0,0,0
DeVonta,Smith,33.6,WR,4.484729892,3.93196231,3.533720675,2.760277112,2.309983013,1.749515852,1.368072354,0.771170054,0.50067045,0.368723416,0.125654823,0.117655191,0,0,0,0,0,0,0,0,0
Joe,Mixon,73.7,RB,5.342957618,4.366338322,2.723837908,1.518954914,0.866958458,0.30789558,0.115507127,0.033623611,0,0,0,0,0,0,0,0,0,0,0,0,0
Rhamondre,Stevenson,49.1,RB,4.850937381,3.933698589,2.817325951,1.741253381,0.878691945,0.524211184,0.088175771,0.230640577,0.091032508,0.015946282,0,0,0,0,0,0,0,0,0,0,0
Najee,Harris,46.5,RB,4.67739331,3.968998532,2.811221847,1.483936408,0.604742783,0.409656774,0.086716623,0.154053136,0.09722976,0.009280447,0,0,0,0,0,0,0,0,0,0,0
Aaron,Jones,90.2,RB,5.342957618,2.619338766,2.319407941,1.482177645,0.661278122,0.525567825,0,0,0,0,0,0,0,0,0,0,0,0,0,0,0
Jahmyr,Gibbs,26.4,RB,4.510648617,4.939175558,4.2554681,4.576125327,3.510943408,3.191534387,2.071784571,1.965128942,1.10865477,0.462348822,0.380455032,0.107314614,0.023717715,0.003527634,0,0,0,0,0,0,0
Dameon,Pierce,57.1,RB,4.020959432,3.182646668,2.604808355,2.447538525,1.591038593,1.22907005,0.502686027,0.293479197,0.125091901,0.105147276,0.032541913,0,0,0,0,0,0,0,0,0,0
Rachaad,White,83.8,RB,4.015014199,2.993962824,2.340091053,1.514647752,1.508096274,1.003843401,0.490657036,0.134574133,0.215000205,0.110985211,0,0,0,0,0,0,0,0,0,0,0
Chris,Olave,23.4,WR,4.120333196,3.678565562,3.273219699,3.386808467,3.283753888,2.557534314,1.737925047,1.24774252,0.696707874,0.824303768,0.481902809,0.27709476,0.226775923,0.175051221,0.179888768,0,0,0,0,0,0
Deebo,Samuel,58.5,WR,4.770746753,3.332358353,2.612043551,1.728145763,1.447743622,0.520969735,0.393609541,0.116013167,0.060759964,0.036839582,0.00372053,0,0,0,0,0,0,0,0,0,0
Amari,Cooper,79.7,WR,3.784509099,2.493910685,2.019751264,1.305687086,0.692022895,0.434501937,0.317876623,0.28611759,0.023779124,0,0,0,0,0,0,0,0,0,0,0,0
Keenan,Allen,99.6,WR,4.22401348,2.334580555,1.467778126,0.839395052,0.573039931,0.235928886,0.03568094,0,0,0,0,0,0,0,0,0,0,0,0,0,0
Joe,Burrow,4.9,QB,6.922208498,6.675517752,6.832794972,4.860094535,6.584195445,6.08251657,6.9622493,4.786691387,4.452243099,2.738208357,3.948439197,3.419614207,1.610725707,0.158307278,0.120744227,0.108605439,0.159367641,0.169299376,0.103087809,0.103087809,0.103087809
Lamar,Jackson,8,QB,7.188243736,5.356344916,5.125235383,3.352254538,3.230770266,3.948385539,2.874705851,1.297255687,1.435616253,0.783380775,1.444004706,1.078239003,0.325573761,0.107663148,0,0,0,0,0,0,0
Mark,Andrews,34.2,TE,3.349675154,2.653824321,3.208711335,2.13051411,0.740304554,1.061437243,1.292183356,0.83405499,0.659783974,0.015629931,0,0,0,0,0,0,0,0,0,0,0
Chris,Godwin,76.8,WR,4.034831643,3.140918704,2.172682347,1.464221803,1.318134165,0.404833045,0.376928859,0.085200723,0.040202361,0.026383894,0,0,0,0,0,0,0,0,0,0,0
Christian,Watson,52.6,WR,3.775442234,3.459019537,2.951488898,2.82976354,2.449913079,1.843505701,1.349339648,1.006388211,0.539809165,0.4083471,0.180317547,0.147587694,0.092868192,0.021453719,0,0,0,0,0,0,0
Diontae,Johnson,98.8,WR,3.512729239,2.358753186,1.640592939,1.351061622,1.0590924,0.525368949,0.29308313,0.224580064,0.061555877,0.018865711,0,0,0,0,0,0,0,0,0,0,0
Miles,Sanders,74,RB,3.768285004,2.558186518,1.902189573,1.086922189,0.617304491,0.209003685,0.214972824,0.098322348,0.004206885,0.008612723,0,0,0,0,0,0,0,0,0,0,0
Kenneth,Walker,37.7,RB,3.775882353,3.510355003,3.350557832,2.535668446,2.101907464,1.11672558,0.662058005,0.552457085,0.312090491,0.363987389,0.108794751,0,0,0,0,0,0,0,0,0,0
TJ,Hockenson,47.6,TE,2.89253762,2.453581141,2.163149817,1.790642398,1.542202085,1.59047234,1.169403353,0.986181981,0.54271248,0.540984408,0.625045336,0.272734177,0,0,0,0,0,0,0,0,0
DeAndre,Hopkins,94.4,WR,3.52479455,1.597511946,1.373798254,0.773736295,0.576518986,0.358384871,0.057668973,0,0,0,0,0,0,0,0,0,0,0,0,0,0
DJ,Moore,59.5,WR,3.511005623,2.88926117,1.983626346,1.387885597,1.099173415,0.777446312,0.247313542,0.149589058,0.088120113,0,0,0,0,0,0,0,0,0,0,0,0
Mike,Evans,111.7,WR,3.607919708,3.007397933,1.606031427,1.367084431,0.951041686,0.464973085,0.242081697,0.162220308,0,0,0,0,0,0,0,0,0,0,0,0,0
Terry,McLaurin,70,WR,3.328075066,2.315141111,1.521282547,1.371457761,0.767390408,0.432860955,0.186850823,0.137609592,0.089837332,0.020082199,0,0,0,0,0,0,0,0,0,0,0
Jerry,Jeudy,55.3,WR,3.259619637,3.155717399,2.652361329,2.665206439,1.991873498,1.579642686,1.157981034,0.810683023,0.467613623,0.350339339,0.082328133,0.087292529,0.064928104,0.023922446,0,0,0,0,0,0,0
Calvin,Ridley,62.1,WR,3.374641477,2.515761449,1.798112839,1.473295387,0.867184785,0.820684828,0.367512029,0.421674116,0.153525465,0.030518212,0,0,0,0,0,0,0,0,0,0,0
Mike,Williams,109.2,WR,3.343028973,2.28346581,1.937572207,1.092865853,0.76423559,0.580062805,0.386279723,0.273378778,0.038996434,0,0,0,0,0,0,0,0,0,0,0,0
Marquise,Brown,87.3,WR,3.254730208,2.936979438,2.161414954,1.477786667,1.257611036,0.985326084,0.370828228,0.325600891,0.105267853,0.011098926,0.0017768,0,0,0,0,0,0,0,0,0,0
Darren,Waller,95.3,TE,2.457352941,1.385580115,0.316479455,0.348067973,0.20367658,0.104133611,0.092158689,0.016502466,0,0,0,0,0,0,0,0,0,0,0,0,0
James,Conner,111.7,RB,4.664634695,2.793987573,1.977487362,1.19376923,0.727450346,0.392751661,0.056975571,0.014195174,0.003549051,0.009711124,0,0,0,0,0,0,0,0,0,0,0
Alexander,Mattison,97.2,RB,3.865944056,2.781178276,2.220442398,1.474824547,0.949265072,0.910720219,0.488373952,0.246290142,0.072767391,0.003352708,0.012236466,0,0,0,0,0,0,0,0,0,0
Cam,Akers,84.8,RB,3.689787234,2.921378639,2.453115106,1.712817533,1.585826311,1.046628563,0.576802201,0.318910566,0.340685989,0.125140676,0,0,0,0,0,0,0,0,0,0,0
Justin,Fields,10.2,QB,6.379472138,5.261296404,6.1232889,4.108046443,4.155045532,3.689558147,4.108860755,4.386174214,3.165758797,2.376773303,1.505931875,0.915540922,0.611136075,0.302621328,0,0,0,0,0,0,0
Justin,Herbert,6.1,QB,4.643130586,3.422264693,3.820579824,3.693790705,2.706916744,3.407241183,3.499747272,2.999144323,3.082871963,2.316615068,1.662821732,2.266065431,1.703274958,1.289374216,0.209207767,0.124673357,0.110720289,0.093666539,0.166532562,0.18048563,0.085914834
Tyler,Lockett,118.6,WR,2.997486425,1.70503634,1.106430151,0.945826191,0.685114088,0.474807407,0.150422136,0,0,0,0,0,0,0,0,0,0,0,0,0,0
Isiah,Pacheco,89.5,RB,3.435767263,2.918620241,2.464050878,2.353992108,1.405191694,1.16206498,0.460770718,0.225890954,0.077339746,0.065271961,0.026385818,0,0,0,0,0,0,0,0,0,0
JK,Dobbins,63.1,RB,3.362447479,2.782936591,2.238622124,1.454811183,1.291779562,0.957997928,0.516075414,0.217214139,0.285655054,0.105061152,0.016899751,0,0,0,0,0,0,0,0,0,0
Drake,London,42.2,WR,2.90002736,3.849617672,2.443143929,3.408995479,3.705387982,3.036539345,2.735220705,1.844877123,1.108202987,0.735634632,0.670962981,0.276178749,0.017521557,0,0,0,0,0,0,0,0
Michael,Pittman,63.9,WR,2.187814779,1.757188637,1.542453814,0.842841881,0.72591304,0.452141086,0.172437095,0.13906559,0.144752575,0.005027637,0,0,0,0,0,0,0,0,0,0,0
James,Cook,102.5,RB,2.941169786,2.538245128,1.731449274,1.7699401,1.276715601,1.142644028,0.609331569,0.222876835,0.32599419,0.106301613,0,0,0,0,0,0,0,0,0,0,0
George,Kittle,60.6,TE,1.315802862,1.190289616,0.783439789,0.561190536,0.273466803,0.254987429,0.239475923,0.392418515,0.31860939,0,0,0,0,0,0,0,0,0,0,0,0
Kyle,Pitts,35.1,TE,0.959142386,0.702463087,1.928601018,1.024443757,0.835838059,0.751206873,0.511941855,0.594008313,0.365619618,0.129897418,0.079132097,0.034333448,0.025698777,0.01878882,0,0,0,0,0,0,0
Dallas,Goedert,69.5,TE,0.8122697,1.10288883,0.739345025,0.499460609,0.251434786,0.078715633,0.171143562,0,0.031548108,0,0,0,0,0,0,0,0,0,0,0,0
Deshaun,Watson,22.2,QB,4.839222277,2.98397887,2.419385867,1.936754558,2.915814089,1.955223758,1.172198893,0.671771159,0.928602285,0.65196574,0.553720425,0.125168892,0.115257061,0.090451563,0.076519714,0.134780173,0.14744549,0.070187055,0.070187055,0.070187055,0.070187055
Trevor,Lawrence,9,QB,3.795823199,3.66721032,2.584736115,1.700684705,1.754165243,2.308423818,1.692073998,2.060210687,1.846827079,1.661321872,1.388471745,1.062784635,0.755634164,0.370246745,0.052053719,0,0,0,0,0,0
Christian,Kirk,92.7,WR,2.642184874,2.172638057,1.439379464,1.116263505,0.833115514,0.508261371,0.170732848,0.16710831,0.03768991,0.010258545,0,0,0,0,0,0,0,0,0,0,0
Javonte,Williams,61.4,RB,3.509975145,3.551474463,2.760222749,2.775902427,1.503250422,1.415240438,0.467208396,0.26389778,0.237609825,0.332617691,0.099742959,0,0,0,0,0,0,0,0,0,0
Alvin,Kamara,106.9,RB,4.285667996,3.736003127,2.758127916,1.487207563,1.263944844,0.611124648,0.228285388,0.045559057,0.021303431,0.027929121,0,0,0,0,0,0,0,0,0,0,0
Brandin,Cooks,139.4,WR,2.722058824,1.951871758,1.323355567,0.976038959,0.616781888,0.453300533,0.321113667,0.061440962,0,0,0,0,0,0,0,0,0,0,0,0,0
Brandon,Aiyuk,71.9,WR,2.097397059,1.932688575,1.726647471,1.09677125,0.880527145,0.476512249,0.584574112,0.251767802,0.170280924,0.028267087,0,0,0,0,0,0,0,0,0,0,0
Michael,Thomas,150.4,WR,2.981039216,2.609243954,1.601189702,1.241322072,0.53640919,0.528842308,0.119981345,0.042659558,0,0,0,0,0,0,0,0,0,0,0,0,0
Jahan,Dotson,79.8,WR,1.755496957,2.083989683,1.766170606,2.090500043,1.982181412,1.553160485,1.133641323,0.961162178,0.584136155,0.496250124,0.440438124,0.1408075,0.202242046,0.133881285,0.117331568,0,0,0,0,0,0
David,Montgomery,108.4,RB,3.444686701,2.160216366,1.630935781,0.8597088,0.393229789,0.208239307,0.206402913,0.094838211,0.005386536,0.01075621,0,0,0,0,0,0,0,0,0,0,0
Jakobi,Meyers,157.5,WR,2.362697274,2.062607428,1.344665148,1.055500216,0.733572161,0.453852815,0.12230871,0.144337254,0.027513579,0.003321328,0,0,0,0,0,0,0,0,0,0,0
George,Pickens,67.4,WR,1.492904737,2.686648374,2.074988949,2.190008444,2.199388104,2.1155619,1.672185087,1.09547468,0.431459606,0.084472608,0.035649692,0.018728601,0,0,0,0,0,0,0,0,0
Jaxon,Smith-Njigba,40,WR,1.489396148,2.966766583,3.3651851,3.070838795,2.736927403,2.976919687,3.070584373,2.264168162,1.443174625,0.602459662,0.194645141,0.180251786,0.052905484,0.026939855,0,0,0,0,0,0,0
Treylon,Burks,71.7,WR,1.484133264,1.816077441,1.900123238,1.886334837,1.874669882,1.418257831,1.14528701,0.826214065,0.645881419,0.448453796,0.354467909,0.105523694,0.119658838,0.065011897,0.05333497,0,0,0,0,0,0
Pat,Freiermuth,86.2,TE,0.250962567,0.726923166,0.483382142,0.527005966,0.386465717,0.497263139,0.454830835,0.365993635,0.071485124,0.009279008,0.015407653,0.00168407,0.006290444,4.95E-04,0,0,0,0,0,0,0
Evan,Engram,114.1,TE,0.3388,1.113736366,0.674156446,0.465315523,0.17855131,0.018991725,0.172730795,0.110005929,0.103735089,0,0,0,0,0,0,0,0,0,0,0,0
David,Njoku,105.3,TE,0.3157,0.562912096,0.426262581,0.48437332,0.340241983,0.182144037,0.029215595,0.072053735,0.001537985,0.04152595,0.014843065,0,0,0,0,0,0,0,0,0,0
Dak,Prescott,30.2,QB,3.809331467,3.186973043,3.256474246,3.003448976,1.753291505,1.563397387,1.98531991,1.87212398,1.572569193,0.285384108,0.200085529,0.071515659,0.035782324,0.008942699,0.021000157,0,0,0,0,0,0
Kirk,Cousins,65.2,QB,4.183301802,2.01520821,1.721650264,2.542569482,0.576699295,0.901834595,0.16356646,0,0.304880753,0.372771608,0,0,0,0,0,0,0,0,0,0,0
Daniel,Jones,51.1,QB,3.911866189,4.375191261,2.232812465,2.043910373,1.948195749,2.417237173,2.970213804,1.338838925,1.0644557,0.48623466,1.227082834,1.054230529,0.259799908,0,0,0,0,0,0,0,0
D'Andre,Swift,66.5,RB,2.958743316,2.497485974,1.824834591,1.538208399,1.37862961,0.840614007,0.563926798,0.261022161,0.303012684,0.10068476,0.021017297,0,0,0,0,0,0,0,0,0,0
AJ,Dillon,115.7,RB,1.879505685,1.699762259,1.457364552,0.815201762,0.463249081,0.370347209,0.230801294,0.078131269,0.008071096,0.001253774,0,0,0,0,0,0,0,0,0,0,0
Samaje,Perine,153,RB,1.22372814,0.994674663,0.656533384,0.414389027,0.346010047,0.153438189,0.066878065,0,0,0,0,0,0,0,0,0,0,0,0,0,0
Courtland,Sutton,142.4,WR,1.393534664,1.050356953,0.628765333,0.640377682,0.332019803,0.124427497,0.011588308,0.034114018,0,0,0,0,0,0,0,0,0,0,0,0,0
Jordan,Addison,55.8,WR,1.396864496,2.65889843,3.138493142,2.876428109,2.417067358,3.16517498,2.99357457,2.225828268,1.340743436,0.570213862,0.454304881,0.181106933,0.041023762,0.020542432,0,0,0,0,0,0,0
JuJu,Smith-Schuster,131.4,WR,1.307146264,1.311930181,0.927205577,0.649057855,0.412905661,0.261616516,0.046223106,0.064641339,0.00670952,0,0,0,0,0,0,0,0,0,0,0,0
Odell,Beckham,159.8,WR,1.363157895,1.277525488,0.85606508,0.64101793,0.504883309,0.249868783,0.117930685,0,0,0,0,0,0,0,0,0,0,0,0,0,0
Dalton,Schultz,130.1,TE,0,0.329697158,0.254476074,0.306751615,0.260332715,0.154755867,0,0.036348899,0,0.021939388,0.005388431,0,0,0,0,0,0,0,0,0,0
Cole,Kmet,132.5,TE,0,0.810081061,0.596948832,0.431770613,0.437221929,0.470800635,0.342526029,0.332443604,0.175719479,0.045072274,0.056558153,0.003489859,0.011474668,0,0,0,0,0,0,0,0
Brian,Robinson,122.4,RB,0.979754902,1.138193816,1.206875534,0.726761492,0.648596598,0.479528432,0.258690868,0.096503667,0.141884427,0.032225029,0.001570695,0,0,0,0,0,0,0,0,0,0
Antonio,Gibson,124.5,RB,0.726840336,1.235084482,0.962813814,0.424314775,0.345337973,0.378944511,0.282262022,0.080255067,0.022371095,0.003590795,0,0,0,0,0,0,0,0,0,0,0
Jamaal,Williams,151.4,RB,1.472763158,1.205062942,0.727397527,0.316245934,0.438074299,0.101370234,0.009792725,0,0,0,0,0,0,0,0,0,0,0,0,0,0
Rondale,Moore,159.8,WR,1.578684211,2.108455807,1.854658568,2.366398557,2.315083652,1.910053891,1.364324914,1.278640322,0.607322848,0.600419491,0.520024964,0.139728265,0.276090732,0.250860809,0.227243681,0,0,0,0,0,0
DJ,Chark,193.1,WR,1.636719067,1.33747277,0.805983866,0.614008223,0.453932727,0.112429848,0.035496275,0.038992101,0.00620069,0.002420031,0,0,0,0,0,0,0,0,0,0,0
Gabe,Davis,123.6,WR,1.045588235,1.772174229,1.518144823,1.470649738,1.243767098,1.021457533,0.685921502,0.472927189,0.268035009,0.166683895,0.030536606,0,0.009082864,0,0,0,0,0,0,0,0
Darnell,Mooney,154.2,WR,0.77889916,1.163199639,1.057819847,0.635631904,0.469739515,0.254324,0.275345492,0.120428413,0.095010582,0.046381815,0.006954513,0,0,0,0,0,0,0,0,0,0
Skyy,Moore,143.2,WR,0.604411765,1.463285246,1.468270726,1.806152209,1.863258336,1.492230575,1.357440415,0.956482095,0.624409234,0.466394859,0.301583688,0.111687137,0.112947129,0.157038085,0.080521085,0,0,0,0,0,0
Tua,Tagovailoa,36.5,QB,3.131097809,1.97847054,2.610746303,2.359141981,1.907362131,2.424924142,2.724412741,3.137014982,3.419717574,2.735581202,2.521193046,2.894182802,2.779279664,0.909242928,0.553128012,0.440128258,0.327004372,0.11182995,0.225065132,0.246748464,0.099783654
Aaron,Rodgers,87.7,QB,3.047581864,1.00772136,0.266425824,1.058817732,1.240070193,0.134430178,0.134430178,0.134430178,0.134430178,0.134430178,0.134430178,0.134430178,0.134430178,0.134430178,0.134430178,0.134430178,0.134430178,0.134430178,0.134430178,0.134430178,0.134430178
Khalil,Herbert,138.6,RB,0.564117647,1.0889589,0.946601556,0.599070559,0.417856352,0.30557932,0.201743489,0.121601025,0.062089589,0.00577128,0.009206393,0,0,0,0,0,0,0,0,0,0
Jerick,McKinnon,181.5,RB,0.975236928,0.780712807,0.424348309,0.058907725,0.0199086,0,0,0,0,0,0,0,0,0,0,0,0,0,0,0,0
Geno,Smith,78.6,QB,3.154409673,2.446795192,1.606474697,1.035993798,1.63565324,1.849759643,0.75976023,0.467901784,0.100469941,0.05116886,0.257337016,0.30215618,0.028759278,0.028759278,0.028759278,0.028759278,0.028759278,0.028759278,0.028759278,0.028759278,0.028759278
Russell,Wilson,91.3,QB,3.434930226,0.849272859,1.790903155,2.165119648,0.769013552,0.613815367,0.065976681,0,0.129178739,0.165043196,0,0,0,0,0,0,0,0,0,0,0
Anthony,Richardson,16,QB,1.972105317,4.110010054,3.701533585,4.360544525,4.171057939,3.886917907,4.055302363,3.85589459,3.900755735,3.604425483,3.675667886,3.397301853,2.803711913,2.251553848,1.842571893,1.045762914,0.428081664,0.115588364,0,0,0
Rashaad,Penny,147.3,RB,0.673789916,0.783956008,0.547990287,0.355479994,0.236694975,0.148172856,0.057495895,0,0,0,0,0,0,0,0,0,0,0,0,0,0
Zach,Charbonnet,93,RB,0,1.451740097,1.661068461,1.382966844,1.316865489,1.034610248,0.558168796,0.419965117,0.286885521,0.104131106,0.071981526,0.102849962,0.061203692,0,0,0,0,0,0,0,0
Jeff,Wilson,210,RB,1.635712475,1.163037624,0.724679739,0.62081708,0.432463003,0.224606966,0.105717221,0,0,0,0,0,0,0,0,0,0,0,0,0,0
Raheem,Mostert,207.5,RB,0.217771836,0.719075856,0.281560325,0.063646632,0,0,0,0,0,0,0,0,0,0,0,0,0,0,0,0,0
Kadarius,Toney,104,WR,0.826126993,1.563351574,1.370653076,1.264478656,0.995462065,0.838872087,0.516727292,0.475288823,0.243425763,0.16444207,0.042643147,0,0.003152602,0,0,0,0,0,0,0,0
Quentin,Johnston,54.1,WR,0.516851211,2.19239374,1.589515466,1.911766818,1.989761701,1.689102092,1.575460821,1.154445505,0.864264476,0.53257985,0.315116959,0.07179573,0,0,0,0,0,0,0,0,0
Michael,Gallup,198.7,WR,0.780386555,0.648374948,0.540776727,0.272752977,0.217437272,0.035450411,0.0055327,0,0,0,0,0,0,0,0,0,0,0,0,0,0
Tyler,Higbee,197.6,TE,0,0.47659153,0.354988342,0.035182779,0.192042041,0,0.141551662,0.030814588,0,0,0,0,0,0,0,0,0,0,0,0,0
Greg,Dulcich,135.2,TE,0,0.823765245,0.960701693,0.939521514,0.726164078,0.52133309,0.566004087,0.395896061,0.530254868,0.249442803,0.162535192,0.148585318,0.112294561,0.074236476,0,0,0,0,0,0,0
Zay,Flowers,82.9,WR,0.163901561,1.478949159,1.430499439,1.543034149,1.602110328,1.370315684,1.135889309,0.79328516,0.63098564,0.358283258,0.237089269,0.145091099,0.045595857,0.058109376,0,0,0,0,0,0,0
Allen,Lazard,161.8,WR,0.341064706,0.663311462,0.391150325,0.363409579,0.204786851,0.072567639,0,0,0,0,0,0,0,0,0,0,0,0,0,0,0
Adam,Thielen,183.5,WR,0.566856082,0.913043102,0.543958478,0.455069079,0.058894605,0,0,0,0,0,0,0,0,0,0,0,0,0,0,0,0
Tyler,Boyd,179,WR,0.341064706,0.818754777,0.590860707,0.645618033,0.346439081,0.251899587,0.151927947,0.076144153,0,0,0,0,0,0,0,0,0,0,0,0,0
Zay,Jones,201.4,WR,0.338347059,0.912896845,0.51609091,0.730541296,0.389725756,0.243161761,0.147886089,0.054149701,8.16E-04,0,0,0,0,0,0,0,0,0,0,0,0
Elijah,Moore,119.3,WR,0,1.053489398,1.088267413,1.402834131,1.400858689,1.138060754,0.962313416,0.639329832,0.523791781,0.366877293,0.308776071,0.076495082,0.063850802,0.081440887,0.039055058,0,0,0,0,0,0
KJ,Osborn,205.3,WR,0,0.689167693,0.532944906,0.321217329,0.251425872,0.162921276,0.063027648,0.054834092,0.023325051,0.010744255,0.008231179,0,0,0,0,0,0,0,0,0,0
Chase,Claypool,199.3,WR,0,0.88713079,0.699638005,0.631062858,0.58295283,0.32589052,0.493064536,0.136336435,0.117360904,0.028545892,0.005648515,0.005252058,0,0,0,0,0,0,0,0,0
Devin,Singletary,172.7,RB,0,0.895384957,0.709617497,0.504737246,0.196947077,0.101024752,0.10100245,0,0,0,0,0,0,0,0,0,0,0,0,0,0
Damien,Harris,156.5,RB,0,0.452037811,0.367277846,0.248630638,0.197246439,0.089451261,0.049211674,0.01329745,9.50E-05,0,0,0,0,0,0,0,0,0,0,0,0
Gerald,Everett,189.8,TE,0,0.194664609,0.247865711,0.122100407,0,0.008797064,0,0,0,0,0,0,0,0,0,0,0,0,0,0,0
Chigoziem,Okonkwo,129.6,TE,0,1.01072133,0.598520923,0.493233236,0.524555883,0.383368311,0.250436287,0.199508863,0.151469541,0.055707158,0.002444042,0.015762252,0,0,0,0,0,0,0,0,0
Matthew,Stafford,135.9,QB,2.060118382,2.519301083,1.99729719,1.165322561,1.144241611,0.425120877,0.246164063,0.522704006,0.583470402,0.178361097,0.178361097,0.178361097,0.178361097,0.178361097,0.178361097,0.178361097,0.178361097,0.178361097,0.178361097,0.178361097,0.178361097
Dalton,Kincaid,77.3,TE,0,0.883223555,0.850617828,0.720984171,0.773566207,0.497072295,0.791243687,0.327894697,0.188384919,0,0,0,0,0,0,0,0,0,0,0,0
Elijah,Mitchell,155.5,RB,0,0.699305213,0.618002616,0.372971948,0.278356217,0.160813775,0.101563285,0.053871364,0.010405352,0.002557019,0,0,0,0,0,0,0,0,0,0,0
Tyler,Allgeier,143.2,RB,0,0.727255547,0.741239372,0.760429281,0.732890359,0.520288404,0.306114839,0.242651392,0.116517376,0.036772839,0.003556017,0,0,0,0,0,0,0,0,0,0
Jaylen,Warren,180.4,RB,0,0.55293827,0.681936751,0.395750373,0.345662686,0.319026894,0.199855866,0.138749153,0.030762878,0.002085714,0.002112953,0,0,0,0,0,0,0,0,0,0
D'Onta,Foreman,177.6,RB,0,0.234968018,0.254283239,0.125684405,0.060824189,0.030665102,0.010956283,0,0,0,0,0,0,0,0,0,0,0,0,0,0
Chuba,Hubbard,202.5,RB,0,0.511199873,0.675280622,0.590594081,0.389732531,0.321653824,0.197764097,0.155968922,0.076792757,0.010932955,0.003340933,0,0,0,0,0,0,0,0,0,0
Nico,Collins,173,WR,0,1.18351211,1.065795258,1.00446489,0.874870819,0.843304543,0.466720687,0.386338291,0.166166612,0.095466181,0.016103076,0,0,0,0,0,0,0,0,0,0
Jonathan,Mingo,119.6,WR,0,1.385169667,1.043637447,1.158501721,1.083777019,1.047266473,0.904588933,0.787471818,0.489634341,0.426228609,0.184208099,0.170808813,0.072315336,0.086156036,0.021086488,0.025763014,0,0,0,0,0
Jayden,Reed,148.3,WR,0,0.8546942,1.00055175,1.021501063,1.149988198,0.939720288,0.770866285,0.50122062,0.517521277,0.314738537,0.24415492,0.04507543,0.008304271,0,0,0,0,0,0,0,0
Romeo,Doubs,162.1,WR,0,0.670287146,0.778352589,0.879763686,0.925962958,0.69659486,0.603255681,0.387112599,0.367186318,0.203730921,0.194857894,0.03355632,0.006013646,0,0,0,0,0,0,0,0
Robert,Woods,247.4,WR,0,0.528217159,0.449695686,0.426540719,0.220302927,0.106788019,0.104066962,0,0,0,0,0,0,0,0,0,0,0,0,0,0
Rashod,Bateman,117.1,WR,0,0.763366801,0.999532809,0.821118053,0.958934228,0.812168672,0.498759714,0.377699899,0.274348768,0.164349352,0.118391448,0.036994699,0.004787831,0,0,0,0,0,0,0,0
Kenny,Pickett,81.7,QB,2.063583678,1.710148383,1.643782975,1.577535618,1.280318814,1.34784967,1.741290049,2.012771868,1.969453902,1.744629163,1.560560627,1.6810705,1.413822137,1.624558291,0.812826567,0.811174404,0.230230483,0.12104124,0.286336931,0.317989298,0.103456592
Kyler,Murray,47.6,QB,2.3774551,1.231161131,1.25034063,1.638107354,1.430121411,1.531263369,1.579859464,1.809356912,1.334900601,1.231672649,0.884477243,0.821040166,0.907370719,0.408287095,0.726599619,0.539304909,0.376744648,0,0,0,0
Kendre,Miller,110.6,RB,0,0.723615976,1.272579457,0.759974484,0.957031935,0.931328852,0.712597023,0.488271805,0.111204441,0,0,0,0,0,0,0,0,0,0,0,0
Gus,Edwards,236.8,RB,0,0.392620075,0.26217855,0.13458025,0.121892075,0.002281147,0,0,0,0,0,0,0,0,0,0,0,0,0,0,0
Roschon,Johnson,133.4,RB,0,0.435373716,0.404972683,0.401040019,0.582013556,0.430549152,0.164348609,0.043762824,0.006052399,0.002648824,0.002756271,0.003752287,0,0.001539753,0,0,0,0,0,0,0
Parris,Campbell,225.1,WR,0,0.467540122,0.360957881,0.245949348,0.167993627,0.122877907,0.060160608,0.058834546,0.034877743,0.013828298,0.008656975,0,0,0,0,0,0,0,0,0,0
Marquez,Valdes-Scantling,244.2,WR,0,0.654155156,0.556336665,0.387767048,0.219131034,0.158656932,0.094093735,0.021389178,0,0,0,0,0,0,0,0,0,0,0,0,0
Tyquan,Thornton,215.6,WR,0,0.863964505,0.868681241,1.076789816,1.087993713,0.925687799,0.779371247,0.488548592,0.476255075,0.229873656,0.16914818,0.101130587,0.035580315,0.038070421,0,0,0,0,0,0,0
Hunter,Renfrow,219.7,WR,0,0.444300419,0.258773242,0.165017662,0.134056588,0.00388228,0,0,0,0,0,0,0,0,0,0,0,0,0,0,0
Tim,Patrick,282.3,WR,0,0.515516983,0.367651212,0.264096528,0.151206362,0.130997528,0.051614218,0,0,0,0,0,0,0,0,0,0,0,0,0,0
Rashee,Rice,121,WR,0,0.474838305,0.586493866,0.642023426,0.715243785,0.569354223,0.496744514,0.221019774,0.337423326,0.149006473,0.123357793,0.009883148,7.34E-04,0,0,0,0,0,0,0,0
John,Metchie,151.5,WR,0,0.69435874,0.70805271,0.829419919,0.884603515,0.724826224,0.614819391,0.287162162,0.477846239,0.261668609,0.159666871,0.104524165,0.038949964,0.034903474,0,0,0,0,0,0,0
Devon,Achane,,RB,0,0.670443819,0.641369929,0.665711454,0.697364458,0.868565946,0.429912734,0.320100494,0.136404301,0.089761966,0.113066182,0.197721786,0.005693326,0.060899304,0,0,0,0,0,0,0
Zach,Ertz,254.4,TE,0.150882353,0.514543846,0.567863236,0.002545096,0.210809867,0.109435589,0.006094563,0,0,0,0,0,0,0,0,0,0,0,0,0,0
Mike,Gesicki,199.5,TE,0,0.129242706,0.234185997,0.229496062,0.183527517,0.074159923,0.029008588,0.067782313,0,0.018771394,0,0,0,0,0,0,0,0,0,0,0
Jelani,Woods,211.4,TE,0,0.175633632,0.172254497,0.131567773,0.154329701,0.229198593,0.106177617,0.035218967,0.026387131,0,0.059636081,0,0,0,0,0,0,0,0,0,0
Tyler,Conklin,260.2,TE,0,0.162393525,0.221762041,0.200617715,0.137101447,0.070080511,0.012046239,0.082732303,0,0.018950322,0,0,0,0,0,0,0,0,0,0,0
Zonovan,Knight,,RB,0,0.691971321,0.735466276,0.690357115,0.68486414,0.610655878,0.273313211,0.175372031,0.050127755,0.026669964,0.041117621,0.080372887,0.002266779,0.016913705,0,0,0,0,0,0,0
Michael,Carter,235.4,RB,0,0.33918574,0.446628064,0.398456142,0.324506189,0.224198541,0.158069652,0.102276854,0.067464159,0.029181939,0.001566755,0.007669928,0,0,0,0,0,0,0,0,0
Kyren,Williams,263.4,RB,0,0.472638234,0.652159999,0.540799188,0.661537166,0.48639136,0.238802655,0.201340028,0.064485144,0.027682542,0,0,0,0,0,0,0,0,0,0,0
Tank,Bigsby,137.2,RB,0,0.950349701,0.958444812,0.794269423,0.683322569,0.794406899,0.344942327,0.16745464,0.108385614,0.020782988,0.068446117,0.130728342,0.002354792,0.013971183,0,0,0,0,0,0,0
Alec,Pierce,167.1,WR,0,0.632677837,0.721063645,0.809166495,0.825292782,0.614284237,0.553870968,0.321059379,0.364607895,0.164217024,0.156317037,0.02498501,0.002393035,0,0,0,0,0,0,0,0
Van,Jefferson,223.8,WR,0,0.236285752,0.221734735,0.096838197,0.088536688,0.005020625,0,0.001634734,0,0,0,0,0,0,0,0,0,0,0,0,0
Joshua,Kelley,267,RB,0,0.653610254,0.375356993,0.236169777,0.168730534,0.109476138,0.053335683,0.005840372,0,0.001058113,0,0,0,0,0,0,0,0,0,0,0
Cordarrelle,Patterson,261.9,RB,0,0.024071677,0,0,0,0,0,0,0,0,0,0,0,0,0,0,0,0,0,0,0
Tyjae,Spears,145,RB,0,0.682023724,0.656848206,0.653891739,0.569337671,0.608491987,0.214136054,0.179197302,0.048247223,0.045459549,0.057473543,0.116589675,0.003071252,0.030081487,0,0,0,0,0,0,0
Clyde,Edwards-Helaire,195.3,RB,0,0.095817703,0.259271969,0.180234165,0.155362711,0.077930732,0.076682985,0.031276117,0,0,0,0,0,0,0,0,0,0,0,0,0
Jerome,Ford,190.2,RB,0,0.429096143,0.470991294,0.651541552,0.399831294,0.310848443,0.184596856,0.104684962,0.060713606,0.022686924,0.001616975,0.006138153,0,0,0,0,0,0,0,0,0
Jameson,Williams,75.6,WR,0,1.491616812,1.463466931,1.421125206,1.469315372,1.307701118,0.925938012,0.87761119,0.748971865,0.510266509,0.334345154,0.318241176,0.125786965,0.169375997,0.057107222,0.071491999,0,0,0,0,0
Kenneth,Gainwell,214.2,RB,0,0.106006395,0.250934065,0.179466027,0.145944743,0.076938905,0.096993417,0.047797804,0.004412244,0,0,0,0,0,0,0,0,0,0,0,0
Ty,Montgomery,,RB,0,0.003078215,0.049584085,0,0,0,0,0,0,0,0,0,0,0,0,0,0,0,0,0,0
Chase,Edmonds,286.5,RB,0,0.261957634,0.187335546,0.088531422,0.052529587,0.030278316,0.00669358,0,0,0,0,0,0,0,0,0,0,0,0,0,0
Chase,Brown,146.2,RB,0,0.157280837,0.279763779,0.40120363,0.267783773,0.110589596,0.062967226,0.064767836,0.012151532,0.005392262,0,0,0,0,0,0,0,0,0,0,0
Kevin,Harris,,RB,0,0.326798882,0.379848551,0.372942529,0.50605865,0.365937677,0.159699262,0.0546208,0.008567602,0,0,0,0,0,0,0,0,0,0,0,0
Pierre,Strong,239.2,RB,0,0.062485056,0.187078335,0.107584852,0.062876433,0.04357073,0.067631792,0.035900663,0,0,0,0,0,0,0,0,0,0,0,0,0
Kene,Nwangwu,,RB,0,0.304874652,0.223276042,0.129529088,0.122237417,0.081996612,0.03221272,0.017349874,0,0,0,0,0,0,0,0,0,0,0,0,0
Ty,Chandler,250.9,RB,0,0.218117049,0.278346764,0.123878648,0.111760961,0.069080237,0.025978718,0.010079684,0,0,0,0,0,0,0,0,0,0,0,0,0
Juwan,Johnson,196,TE,0,0.115620296,0.226934678,0.290982927,0.241025944,0.113434179,0.062451998,0.002203118,0.021161785,0,0,0,0,0,0,0,0,0,0,0,0
Jared,Goff,68.6,QB,1.54510463,1.812029548,1.484114293,1.501490626,1.922039607,1.871334235,1.412234434,0.907567801,1.223568591,1.597812619,0.801680254,0.906425013,0.812674432,0.299727014,0.460923341,0.506803232,0.200937289,0.200937289,0.200937289,0.200937289,0.200937289
Isaiah,Hodgins,213.2,WR,0,0.718878679,0.530617454,0.647752335,0.540366529,0.438817414,0.430621254,0.204267561,0.095628234,0.033398046,0.010700327,0.021520479,0,0,0,0,0,0,0,0,0
Curtis,Samuel,218.7,WR,0,0.379776635,0.293033187,0.145698912,0.12592845,0.015925272,0,0.004615061,0,0,0,0,0,0,0,0,0,0,0,0,0
Donovan,Peoples-Jones,186.9,WR,0,0.674127819,0.678392317,0.663524504,0.556813525,0.529889184,0.33635362,0.287468026,0.14216049,0.069701413,0.01126083,0,0,0,0,0,0,0,0,0,0
Derek,Carr,103.5,QB,1.446782964,2.314108715,1.544322579,1.178346253,0.822881252,1.14056893,0.529448258,0.576472595,0.06639825,0.047377043,0.024128901,0.121348402,0.140369609,0.013561564,0.013561564,0.013561564,0.013561564,0.013561564,0.013561564,0.013561564,0.013561564
Jimmy,Garoppolo,149.7,QB,1.683687902,2.136306373,1.412559004,1.304814474,0.855960339,1.181249014,1.230170679,0.605140475,0.593818139,0.30527963,0.189556043,0.323656891,0.390969709,0.067305921,0.02888695,0.02888695,0.02888695,0.02888695,0.02888695,0.02888695,0.02888695
DeVante,Parker,276.9,WR,0,0.678529585,0.304801201,0.175008745,0.055552787,0.00610545,0.004631874,0,0,0,0,0,0,0,0,0,0,0,0,0,0
Mecole,Hardman,237.4,WR,0,0.523872167,0.442468462,0.436953827,0.302103768,0.271230073,0.337718821,0.139965657,0.062365805,0.01131416,0,0.021739121,0,0,0,0,0,0,0,0,0
Wan'Dale,Robinson,167.5,WR,0,0.680533479,0.743520029,0.817404587,0.836588473,0.841715102,0.575041362,0.442711104,0.445059928,0.22349068,0.232233597,0.265806031,0.135577689,0.190580507,0.122201759,0.145609427,0,0,0,0,0
Michael,Wilson,191.1,WR,0,0.575281359,0.691166803,0.749029391,0.824846398,0.653438086,0.583523415,0.262362126,0.341799955,0.164165143,0.152318038,0.014088114,0.002894536,0,0,0,0,0,0,0,0
Russell,Gage,297.9,WR,0,0.210621752,0.187552049,0.077877044,0.064029701,0.004006319,0,0,0,0,0,0,0,0,0,0,0,0,0,0,0
Marvin,Jones,292.3,WR,0,0.112173048,0.023122661,0.017211358,0,0,0,0,0,0,0,0,0,0,0,0,0,0,0,0,0
Rashid,Shaheed,183.2,WR,0,0.505676651,0.428886687,0.534936308,0.35905405,0.346018078,0.35859683,0.136597055,0.083689316,0.008231265,0,0.017254075,0,0,0,0,0,0,0,0,0
Allen,Robinson,266.4,WR,0,0.231011015,0.036250311,0.027444086,0.059949561,0.065711544,0.012304088,0,0,0,0,0,0,0,0,0,0,0,0,0,0
Corey,Davis,293.7,WR,0,0.156117291,0.124072467,0.194455054,0.104408199,0.046725852,0.078096808,0.012945912,0,0,0,0,0,0,0,0,0,0,0,0,0
Darius,Slayton,255.3,WR,0,0.09334467,0.071323195,0.09742372,0.064587359,0.063479603,0.047942118,0.042242159,0.034932422,0,0,0,0,0,0,0,0,0,0,0,0
Keaontay,Ingram,231.1,RB,0,0.167384447,0.264404477,0.396517066,0.226308661,0.095729431,0.070072336,0.03764433,0.008201421,0.001641372,0,0,0,0,0,0,0,0,0,0,0
Ronald,Jones,295.5,RB,0,0.196401058,0.148743607,0.117524782,0.150541702,0.040830923,0.008996099,0,0,0,0,0,0,0,0,0,0,0,0,0,0
Trayveon,Williams,,RB,0,0.241887968,0.136977976,0.116219925,0.100838731,0.027632057,0.017679127,0,0,0,0,0,0,0,0,0,0,0,0,0,0
Ameer,Abdullah,,RB,0,0.012515705,0.040115756,0,0,0,0,0,0,0,0,0,0,0,0,0,0,0,0,0,0
Matt,Breida,294.6,RB,0,0.076547905,0.090712735,0.072658181,0,0,0,0,0,0,0,0,0,0,0,0,0,0,0,0,0
Malik,Davis,255.9,RB,0,0.12317143,0.257978321,0.168190565,0.114130487,0.080760383,0.098807836,0.058172822,0.001764897,0,0,0,0,0,0,0,0,0,0,0,0
Isaiah,Spiller,233.1,RB,0,0.592502071,0.501470661,0.460309931,0.468251952,0.511286164,0.167650064,0.09294279,0.028033798,0.014142553,0.017166167,0.032180203,0,0.009780617,0,0,0,0,0,0,0
Zamir,White,221.9,RB,0,0.108299426,0.209486583,0.312939063,0.182062967,0.067729069,0.084486851,0.049672688,4.05E-04,0,0,0,0,0,0,0,0,0,0,0,0
Bryce,Young,28.1,QB,0.301476767,2.121857493,1.659610679,2.373907588,2.194410647,2.404771418,2.469100822,2.54206044,2.309069029,2.502008468,2.441004583,2.519745239,1.672530881,1.299893123,1.256952371,0.553190386,0.38655422,0.074869301,0,0,0
Brock,Purdy,116.3,QB,1.142160982,1.618316378,1.612823415,0.983657929,2.252790124,1.709511885,1.782545332,1.377229925,1.95539827,2.380476983,2.11382641,2.005079125,1.480548757,1.575405414,1.186379337,0.873593716,0.906785271,0.687099502,0.565298779,0.425334742,0.460365723
Ryan,Tannehill,169.2,QB,1.103318695,1.180097201,0.829905472,0.970105772,0.040046132,0.324737441,0,0,0.028471144,0.0556823,0,0,0,0,0,0,0,0,0,0,0
Logan,Thomas,,TE,0,0.012455533,0.297574072,0.055013422,0.086695184,0.027593256,0,0,0,0,0,0,0,0,0,0,0,0,0,0,0
Irv,Smith,178.7,TE,0,0.127157653,0.165148988,0.128624473,0.217456359,0.368734145,0.237896207,0.082980333,0.063616636,0.002741342,0.114566066,0,0,0,0,0,0,0,0,0,0
Hayden,Hurst,229.5,TE,0,0.099074149,0.05119833,0.005427297,0,0,0,0,0,0,0,0,0,0,0,0,0,0,0,0,0
Cade,Otton,227.9,TE,0,0.262549447,0.223837003,0.131813449,0.178096968,0.134449072,0.148350265,0.09422433,0.045218231,0.033081467,0.047548404,0.00887712,0,0,0,0,0,0,0,0,0
Corey,Clement,,RB,0,0.101682466,0.100985652,0.063823729,0,0,0,0,0,0,0,0,0,0,0,0,0,0,0,0,0
Josh,Downs,134,WR,0,0.370552771,0.57679978,0.524237874,1.077411713,0.877281564,0.675870933,0.989300604,0.804086031,0.309385142,0.377303052,0.304305431,0.08182285,0.226556232,0.229151945,0.222844814,0,0,0,0,0
Tank,Dell,171.5,WR,0,0.147289991,0.246019829,0.276657038,0.393125733,0.272553753,0.274686896,0.172814525,0.156217268,0.060322972,0.008777619,3.61E-04,0,0,0,0,0,0,0,0,0
Dawson,Knox,182.8,TE,0,0.091897271,0.133246577,0.259766881,0.192928346,0.106104994,0.040309592,0.001076395,0.006842395,0,0.0015268,0,0,0,0,0,0,0,0,0,0
Sam,LaPorta,117,TE,0,0.412287123,0.948481584,0.755952369,0.557683725,0.719850118,0.714668353,0.562778689,0.569904055,0.369589765,0.186570257,0.194646379,0.155393435,0.068409287,0,0,0,0,0,0,0
Trey,McBride,163.7,TE,0,0.485570703,0.276643274,0.316910057,0.335039759,0.231716627,0.327888173,0.160460546,0.124961057,0.109489073,0.001965238,0.012339816,0,0,0,0,0,0,0,0,0
Mack,Hollins,,WR,0,0.426166548,0.088216932,0.124395404,0.0412443,0.052477933,0.007593001,0,0,0,0,0,0,0,0,0,0,0,0,0,0
Kendrick,Bourne,,WR,0,0.103312793,0.077336798,0.135942588,0.049821328,0.00472282,0.008429699,0,0,0,0,0,0,0,0,0,0,0,0,0,0
Sterling,Shepard,,WR,0,0.071196835,0.023480858,0,0.003060528,0,0,0,0,0,0,0,0,0,0,0,0,0,0,0,0
Braxton,Berrios,,WR,0,0.107559467,0.073904341,0.0510463,0.015764002,0,0,0,0,0,0,0,0,0,0,0,0,0,0,0,0
Ke'Shawn,Vaughn,,RB,0,0.105898456,0.075390598,0.051614246,0.056571653,0.018114423,0,0,0,0,0,0,0,0,0,0,0,0,0,0,0
Deuce,Vaughn,185,RB,0,0.322134046,0.369842472,0.494439602,0.573559274,0.80504143,0.588282778,0.46370143,0.209278788,0.170695673,0.19307253,0.264851671,0,0.029856181,0,0,0,0,0,0,0
CJ,Stroud,41,QB,0,1.593453826,1.753658625,2.135045239,1.836020646,1.933161567,2.082936677,2.122146245,1.977588017,1.909049882,2.158854135,2.180361578,1.716475951,1.019625014,1.080528315,0.435729766,0.389604832,0.044461335,0,0,0
Jordan,Love,85,QB,0.477269416,1.064759385,0.764359509,0.973181058,0.882685474,0.885376982,1.119356829,1.120601532,1.593810974,1.389835403,1.255314929,1.196745978,1.634806237,1.310982259,0.938666149,0.187499835,0.107951762,0.069031377,0.196310445,0.224170504,0.035341217
Mac,Jones,126.4,QB,0.362617794,0.808455767,0.6166343,0.840753193,0.675162351,0.809376182,1.053083126,0.900761762,1.491735101,1.157061305,0.977082822,0.998976924,1.32975783,1.486135518,0.68573146,0.251338562,0.186498761,0.13456324,0.140718617,0.161009129,0.023484547
Desmond,Ridder,127.5,QB,0,0.97157578,0.974895983,0.684078611,0.892669932,0.565993457,1.205212517,1.195283725,1.639248727,1.635869775,1.64331886,1.722930016,1.249247891,1.163977356,2.314101841,1.233189456,0.509655477,0.408686931,0.307109453,0.325223298,0.359307811
Sam,Howell,125.2,QB,0.875328832,1.395610256,1.264342054,0.86740748,0.925524238,1.474969383,1.241833822,0.907794779,1.098613121,1.343745023,1.382385106,1.056606229,0.883387117,0.652574179,0.312231744,0.17798159,0.007199581,0,0,0,0
Ben,Skowronek,,WR,0,0.090815217,0.062642098,0.149738351,0.07730947,0.075130283,0.037861985,0.048750646,0.033290615,0,0,0,0,0,0,0,0,0,0,0,0
Khalil,Shakir,215.1,WR,0,0.2465294,0.314525559,0.392527395,0.435414525,0.322623749,0.287861862,0.114181944,0.183368756,0.063825224,0.052531001,0.002494568,0,0,0,0,0,0,0,0,0
Jauan,Jennings,,WR,0,0.086906821,0.061907221,0.160009101,0.086187154,0.086746273,0.041678773,0.047592365,0.03460586,0,0,0,0,0,0,0,0,0,0,0,0
Nick,Westbrook-Ikhine,,WR,0,0.063586802,0.048995895,0.116596596,0.059529532,0.060853618,0.039360902,0.035259324,0.03147663,0,0,0,0,0,0,0,0,0,0,0,0
Raheem,Blackshear,,RB,0,0.067624435,0.140253348,0.163804768,0.121328267,0.054098438,0.081622998,0.031654179,0,0,0,0,0,0,0,0,0,0,0,0,0
Deon,Jackson,,RB,0,0.113177553,0.241557034,0.136377477,0.084558956,0.057996229,0.076080358,0.044647771,0,0,0,0,0,0,0,0,0,0,0,0,0
Tony,Jones,,RB,0,0.191921752,0.123459984,0.093073217,0.090395934,0.038130652,0.015958554,0,0,0,0,0,0,0,0,0,0,0,0,0,0
Zack,Moss,281.8,RB,0,0.200041257,0.121184405,0.114689627,0.098443143,0.032871755,0.017299483,0.01034469,0,0,0,0,0,0,0,0,0,0,0,0,0
Hassan,Haskins,,RB,0,0.110508219,0.177884891,0.270260404,0.124019468,0.038731552,0.030886921,0.019063858,0,0,0,0,0,0,0,0,0,0,0,0,0
Travis,Homer,,RB,0,0.120711132,0.205384279,0.112804387,0.047461061,0.069064904,0.029315305,0.010250396,0,0,0,0,0,0,0,0,0,0,0,0,0
Gary,Brightwell,,RB,0,0.044656817,0.153722303,0.129231767,0.059262594,0.035361958,0.061278697,0.035931699,0,0,0,0,0,0,0,0,0,0,0,0,0
Terrace,Marshall,222.4,WR,0,0.224307986,0.208720129,0.360035884,0.32470502,0.22684776,0.215796371,0.04429433,0.177953373,0.027958656,0.032425659,0.001142435,0,0,0,0,0,0,0,0,0
Noah,Fant,217.4,TE,0,0.143626269,0.133084248,0.177023355,0.349837548,0.262933891,0.14857172,0.048031049,0.001476642,0.009014649,0,0,0,0,0,0,0,0,0,0,0
Hunter,Henry,274.6,TE,0,0.115095652,0.014572716,0.067207975,0.057471923,0,0,0,0,0,0,0,0,0,0,0,0,0,0,0,0
Austin,Hooper,,TE,0,0.09597407,0.058407431,0.017307445,0,0,0,0,0,0,0,0,0,0,0,0,0,0,0,0,0
Michael,Mayer,107.5,TE,0,0.165389356,0.272275206,0.451270489,0.280915249,0.416151895,0.165269338,0.236447978,0.15605378,0.166631167,0.08194016,0.037110489,0.038868369,0,0,0,0,0,0,0,0
Luke,Musgrave,158.2,TE,0,0.203882188,0.392578857,0.316027382,0.22509815,0.214755151,0.22116343,0.101603242,0.144923397,0.068290114,0.039629852,0.055273153,0.037648054,0,0,0,0,0,0,0,0
Joshua,Palmer,230.3,WR,0,0.142860927,0.25181499,0.274902909,0.337502072,0.229376925,0.195753271,0.177937018,0.082052438,0.053430904,0.008303171,2.56E-04,0,0,0,0,0,0,0,0,0
Jamal,Agnew,,WR,0,0.057536247,0.019757996,0.0629124,0.038190163,0.010018639,0.074669074,0,0,0,0,0,0,0,0,0,0,0,0,0,0
Baker,Mayfield,175.9,QB,0.141748921,0.943283608,0.633330481,0.716244443,0.849202578,0.527483897,0.372473339,0.269045623,0.25198502,0.158369683,0.234376376,0.13324856,0.114687817,0.071000459,0.025867536,0.156063568,0.068713052,0.00654012,0.00654012,0.00654012,0.00654012
Kyle,Trask,207,QB,0,0.199288098,0.330848075,0.191182833,0.306905322,0.155379711,0.29656644,0.194877256,0.203981509,0.150850194,0.27762794,0.258670229,0.106145531,0.154666127,0.067850582,0,0,0,0,0,0
Jacoby,Brissett,257.7,QB,0.127226648,1.113504072,0.473628788,0.594074101,0.355657489,0.461966816,0.602742678,0.530972439,0.191427898,0.243524459,0.275328424,0.270578323,0.361795357,0.208990508,0.143753409,0.143753409,0.143753409,0.143753409,0.143753409,0.143753409,0.143753409
Jonathan,Williams,,RB,0,0.077990643,0.013925261,0,0,0,0,0,0,0,0,0,0,0,0,0,0,0,0,0,0
Brandon,Bolden,,RB,0,0,0,0,0,2.71E-04,0,0,0,0,0,0,0,0,0,0,0,0,0,0,0
Mike,Boone,,RB,0,0.079632115,0.064376688,0.024199898,0.001534293,0,0,0,0,0,0,0,0,0,0,0,0,0,0,0,0
JaMycal,Hasty,,RB,0,0.06961636,0.086517126,0.008544992,0.035881085,0.001489004,0,0,0,0,0,0,0,0,0,0,0,0,0,0,0
John,Kelly,,RB,0,0.062314023,0.069990429,0.024277677,0.035335261,0.00103463,0,0,0,0,0,0,0,0,0,0,0,0,0,0,0
Latavius,Murray,,RB,0,0,0,0,0,0,0,0,0,0,0,0,0,0,0,0,0,0,0,0,0
DeeJay,Dallas,,RB,0,0.054808069,0.180743567,0.085938033,0.03721843,0.043117156,0.043753774,0.004129488,0,0,0,0,0,0,0,0,0,0,0,0,0
Trey,Lance,95.5,QB,0,0.623636456,0.823997486,1.292766005,1.516402588,1.528745727,0.573649306,1.447462675,1.139858751,1.488798739,0.725401113,1.227845135,1.043553446,0.97747817,0.631482779,0.239046028,0.028200375,0,0,0,0
Taysom,Hill,251.2,TE,0,0,0.328224789,0,0,0,0,0,0,0,0,0,0,0,0,0,0,0,0,0,0
Isaiah,Likely,174.4,TE,0,0.164829913,0.097708169,0.099394922,0.053430795,0.025690444,0.081644703,0.089549841,0.163491513,0.064345664,0.032957353,0.026175168,0.015125818,0,0,0,0,0,0,0,0
Will,Dissly,,TE,0,0,0.024633605,0.071183589,0.074060013,0.023705276,0.006014414,0.012766991,0,0,0,0,0,0,0,0,0,0,0,0,0
Sam,Darnold,239.7,QB,0,0.205884949,0.167704989,0.036550805,0.016997099,0.050960174,0.526300235,0,0.011048147,0,0.007378772,0,0,0,0,0,0,0,0,0,0
Colt,McCoy,287.9,QB,0,0.615003772,0.074855873,0.162480008,0,0,0,0,0,0,0,0,0,0,0,0,0,0,0,0,0
Bailey,Zappe,252.5,QB,0,0.01947559,0.117967165,0.148846223,0.149176541,0.174620179,0.121284109,0.042279688,0.13610567,0.092730383,0.106972309,0.03279717,0.080737712,0.074915405,0.02104784,0.072130696,0.067634472,0.009824049,0,0,0
Will,Levis,127.3,QB,0,0.19548286,0.391737434,0.413833957,0.596340834,0.493063681,0.288988908,0.341910131,0.31460432,0.437682509,0.255671331,0.313455517,0.291991807,0.567544801,0.453745506,0.161754888,0.026075624,0.005534051,0,0.008277544,0.010550549
Taylor,Heinicke,279.2,QB,0,0.587632698,0.503852776,0.115594312,0.177982981,0.041364221,0.008707097,0.101797706,0,0,0,0,0,0,0,0,0,0,0,0,0
Anthony,McFarland,,RB,0,0.111171134,0.170070235,0.092894526,0.043306223,0.038880535,0.00887211,0,0,0,0,0,0,0,0,0,0,0,0,0,0
Patrick,Taylor,,RB,0,0.110561171,0.181398353,0.073022686,0.052838294,0.030331756,0.013290407,0,0,0,0,0,0,0,0,0,0,0,0,0,0
Jonnu,Smith,,TE,0,0.025767806,0.088945728,0.116864639,0.04804341,0.008375339,0,0.014247308,0,0,0,0,0,0,0,0,0,0,0,0,0
Luke,Schoonmaker,154,TE,0,0.034920337,0.053073248,0.010819946,0.023808925,0.035362429,0.053107974,0.018385045,0.009296755,0,0,0,0,0,0,0,0,0,0,0,0
Jake,Ferguson,238.7,TE,0,0.02789349,0.053212385,0.038641472,0.015045177,0.043538835,0.091661605,0.039602949,0.019388362,0,0,0,0,0,0,0,0,0,0,0,0
Tucker,Kraft,234.8,TE,0,0.066859866,0.246710043,0.147463337,0.117542608,0.179924811,0.110406184,0.105354883,0.11085476,0.038913469,0.017901,0.022441965,0.012237769,0,0,0,0,0,0,0,0
Noah,Gray,289.9,TE,0,0.067210913,0.023811995,0.064993472,0.046900253,0.047337736,0.101416114,0.133332241,0.065440747,0.042317101,0,0,0,0,0,0,0,0,0,0,0
Hunter,Long,,TE,0,0.028139924,0.050751048,0.008616468,0.015992385,0.023609888,0.057730339,0.019688338,0.008137348,0,0,0,0,0,0,0,0,0,0,0,0
Daniel,Bellinger,245.7,TE,0,0.040387376,0.181683744,0.084048364,0.100176333,0.0720331,0.049262035,0.060185376,0.109563306,0.036040492,0.006788207,0.009691931,0.003267043,0,0,0,0,0,0,0,0
Durham,Smythe,,TE,0,0.034328059,0.10634329,0.049207892,0.015838509,0,0,0.00303238,0,0,0,0,0,0,0,0,0,0,0,0,0
Tommy,Tremble,,TE,0,0.087747956,0.125617328,0.093323718,0.074005699,0.039661823,0.052473834,0.058030912,0.097667864,0.033198037,0.009353074,0.015603947,0.0054525,0,0,0,0,0,0,0,0
Teagan,Quitoriano,,TE,0,0.081660124,0.128137105,0.14608934,0.155000995,0.040669036,0.082465761,0.043734827,0.06095205,0.019695987,0.005667277,0.011553714,0.005226792,0,0,0,0,0,0,0,0
Ko,Kieft,,TE,0,0.041090622,0.034737176,0.002060448,0.009560932,0.028599549,0.010777996,0,0,0,0,0,0,0,0,0,0,0,0,0,0
Marcus,Mariota,,QB,0,0.339029601,0.15566706,0.007720958,0.001180812,0,0,0,0,0,0,0,0,0,0,0,0,0,0,0,0
Gardner,Minshew,253.6,QB,0,0.093600475,0.024415858,0.034816188,0.016829812,0.220499137,0,0,0,0,0,0,0,0,0,0,0,0,0,0,0
Tyler,Huntley,275.2,QB,0,0.204253033,0.279606345,0.38772878,0.142809799,0.059966278,0.21633892,0.0957276,0.021583903,0,0.025841267,0,0,0,0,0,0,0,0,0,0
Davis,Mills,,QB,0,0.213113406,0.306091818,0.60755048,0.332080909,0.333280791,0.357963554,0.180116766,0.164338346,0.152889627,0.049193628,0.017486411,0.027032377,0.034209719,0,0.043784208,0.010069423,0.002177409,0,0,0
Mike,White,246.1,QB,0,0.062072991,0.010268076,0.004920997,0.043444354,0.016803628,0.083576242,0.186617361,0.095487923,0.001667031,0.059509871,0,0,0,0,0,0,0,0,0,0
Andy,Dalton,,QB,0,0.026692659,0,0,0,0,0,0,0,0,0,0,0,0,0,0,0,0,0,0,0
Stetson,Bennett,204.2,QB,0,0.019164222,0.161091031,0.276898488,0.174734226,0.019559599,0.123248809,0.055764196,0,0,0,0,0,0,0,0,0,0,0,0,0
Brian,Hoyer,,QB,0,0.220421787,0.122181296,0,0,0,0,0,0,0,0,0,0,0,0,0,0,0,0,0,0
Tyrod,Taylor,,QB,0,0,0,0,0,0,0,0,0,0,0,0,0,0,0,0,0,0,0,0,0
Hendon,Hooker,164.9,QB,0,0.153420747,0.187440559,0.208644898,0.191138234,0.099238881,0.274864225,0.075565423,0.036169021,0,0.009360601,0,0.005961569,0,0,0,0,0,0,0,0
Quez,Watkins,,WR,0,0.1981408,0.210143305,0.279176629,0.225569949,0.220202826,0.175022885,0.062934717,0.065463953,0.004547902,0,0,0,0,0,0,0,0,0,0,0
Josh,Reynolds,,WR,0,0.045204666,0.01360116,0.071328243,0.034519731,0.006555093,0.053715504,0,0,0,0,0,0,0,0,0,0,0,0,0,0
Kyle,Philips,279.7,WR,0,0.116051712,0.161270344,0.244473722,0.266114684,0.198990878,0.176471185,0.180986184,0.084940678,0.053975462,0.007603236,1.02E-04,0,0,0,0,0,0,0,0,0
Deonte,Harty,,WR,0,0.049325408,0.083626231,0.160186141,0.026476487,0.069094989,0.098715888,0.036600562,0.008932747,0,0,0,0,0,0,0,0,0,0,0,0
Greg,Dortch,263.8,WR,0,0.158895633,0.193099618,0.289959617,0.207090714,0.254490848,0.178420222,0.085149184,0.089739534,0.005420252,0,0,0,0,0,0,0,0,0,0,0
Dontayvion,Wicks,291.9,WR,0,0.225535081,0.361980263,0.39039567,0.538034526,0.512280934,0.342993752,0.551578827,0.319300208,0.197020045,0.125189172,0.093195839,0.012710659,0.069231094,0.078555066,0.066083091,0,0,0,0,0
Kalif,Raymond,,WR,0,0.069266403,0.017678334,0.02449502,0.033857731,0,0.09799092,0,0,0,0,0,0,0,0,0,0,0,0,0,0
Tutu,Atwell,,WR,0,0.079170941,0.150429364,0.201110893,0.294167591,0.175444894,0.20162726,0.125938126,0.133666818,0.056206891,0.001506596,0,0,0,0,0,0,0,0,0,0
Trenton,Irwin,,WR,0,0.01017692,0.021984925,0.009183862,0.011679797,0.004563402,0.001631714,0,0,0,0,0,0,0,0,0,0,0,0,0,0
Jody,Fortson,,TE,0,0.030104249,0.122511447,0.06925423,0.019172343,0,0,0,0,0,0,0,0,0,0,0,0,0,0,0,0
Marvin,Mims,140.4,WR,0,0.3222398,0.30406526,0.446679612,0.305540397,0.140445131,0.251295312,0.205502512,0.181533637,0.001842785,0,0,0,0,0,0,0,0,0,0,0
Harrison,Bryant,,TE,0,0.032999861,0.026592262,0.002112409,0.013084277,0.030028447,0.105921387,0.035498324,0.01051954,0,0,0,0,0,0,0,0,0,0,0,0
Peyton,Hendershot,,TE,0,0.062732612,0.014278254,0.060238924,0.052534754,0.03208329,0.058742883,0.059568777,0.024933746,0.011533112,0,0,0,0,0,0,0,0,0,0,0
Marquise,Goodwin,,WR,0,0.020475355,0,0,0,0,0,0,0,0,0,0,0,0,0,0,0,0,0,0,0
Mo,Alie-Cox,,TE,0,0,0,0,0,0,0,0,0,0,0,0,0,0,0,0,0,0,0,0,0
Isaiah,McKenzie,,WR,0,0.008368252,0,0.026913556,0.014173496,0,0.073647692,0,0,0,0,0,0,0,0,0,0,0,0,0,0
Josh,Oliver,,TE,0,0,0.002177128,0.061432938,0.005999359,0.039741758,0.008737122,0,0,0,0,0,0,0,0,0,0,0,0,0,0
Tre'Quan,Smith,,WR,0,0.00481153,0.011779483,0.004967104,0.006068578,0.002498908,8.68E-04,0,0,0,0,0,0,0,0,0,0,0,0,0,0
Connor,Heyward,,TE,0,0.063917734,0.046290532,8.51E-04,0,0.032552818,0.187938674,0.061945211,0.007755755,0,0,0,0,0,0,0,0,0,0,0,0
Eric,Saubert,,TE,0,0.073229147,0,0,0,0,0,0,0,0,0,0,0,0,0,0,0,0,0,0,0
Randall,Cobb,,WR,0,0.021713305,0,0,0,0,0,0,0,0,0,0,0,0,0,0,0,0,0,0,0
Brenton,Strange,262.4,TE,0,0.029211724,0.19206288,0.098612686,0.069292426,0.131369498,0.050351519,0.05469299,0.096684538,0.102221158,0.071421958,0.002856915,0,0,0,0,0,0,0,0,0
CJ,Uzomah,,TE,0,0,0,0,0,0,0,0,0,0,0,0,0,0,0,0,0,0,0,0,0
Trent,Sherfield,,WR,0,0.009693008,0.027882273,0.009409583,0.006191996,0.005026184,0.001729073,0,0,0,0,0,0,0,0,0,0,0,0,0,0
Zach,Pascal,,WR,0,0,0,0.007489565,0.004147649,0,0.030739556,0,0,0,0,0,0,0,0,0,0,0,0,0,0
KhaDarel,Hodge,,WR,0,0,0,0.007733655,0.009726365,0,0.068873714,0,0,0,0,0,0,0,0,0,0,0,0,0,0
Jalin,Hyatt,141.1,WR,0,0.147128813,0.298974562,0.25315743,0.610243335,0.447819298,0.34914897,0.606717904,0.370771037,0.167745595,0.1809596,0.115245585,0,0.075116137,0.116725242,0.065184519,0,0,0,0,0
Jalen,Tolbert,,WR,0,0.034278467,0.057973769,0.114544468,0.137634111,0.089239672,0.090816176,0.079634634,0.047116503,0.030682711,0,0,0,0,0,0,0,0,0,0,0
Laviska,Shenault,285.6,WR,0,0.068834407,0.093982842,0.164949743,0.150897618,0.114948431,0.063889563,0.045972423,0.051767437,7.18E-04,0,0,0,0,0,0,0,0,0,0,0
Parker,Washington,270.4,WR,0,0.227498666,0.239440071,0.307182071,0.259402229,0.093488144,0.231277471,0.192781979,0.173322919,0,0,0,0,0,0,0,0,0,0,0,0
Trevon,Wesco,,TE,0,0.008910035,0.053391062,0.034040405,0.0041001,0,0,0,0,0,0,0,0,0,0,0,0,0,0,0,0
Calvin,Austin,287.2,WR,0,0.02288731,0.046320941,0.120421034,0.147154745,0.065624786,0.1364618,0.099805825,0.080461031,0.051295008,0,0,0,0,0,0,0,0,0,0,0
Ian,Thomas,,TE,0,6.65E-04,0.008391004,0.034242695,0.036873092,0.003651479,0,0,0,0,0,0,0,0,0,0,0,0,0,0,0
Samori,Toure,,WR,0,0.032693417,0.080868424,0.119516894,0.070584953,0.076548578,0.034663431,0.034148323,0.040888764,0,0,0,0,0,0,0,0,0,0,0,0
Dyami,Brown,,WR,0,0.035187784,0.102614959,0.095506243,0.165680462,0.108824408,0.110146284,0.068921236,0.049791442,0.028586525,0,0,0,0,0,0,0,0,0,0,0
Equanimeous,St Brown,,WR,0,0.02943841,0.009168719,0.039773154,0.029967019,0.05254503,0.01287143,0.010025907,0.015943301,0,0,0,0,0,0,0,0,0,0,0,0
Sean,Clifford,,QB,0,0.145478366,0.221817036,0.49586783,0.287090781,0.314053038,0.249899954,0.280548739,0.177549608,0.146103317,0.008570691,6.85E-04,0,2.21E-04,0,0,0,0,0,0,0
Olamide,Zaccheaus,,WR,0,0.023237098,0.002115213,0.104419438,0.046569621,0.058668002,0.013085082,0.009420227,0.015426123,0,0,0,0,0,0,0,0,0,0,0,0
Brandon,Powell,,WR,0,0.007888869,0,0.001625983,0.002046752,0,0,0,0,0,0,0,0,0,0,0,0,0,0,0,0
Puka,Nacua,209.2,WR,0,0.089118653,0.1674776,0.200426229,0.313995917,0.285470999,0.188727574,0.31775631,0.198003845,0.106970953,0.076213863,0.084580992,0.006851507,0.031517925,0.058154682,0.023523481,0,0,0,0,0
Brock,Wright,,TE,0,0.018598776,0.019249588,0.022385649,0.001012744,0.011473724,0.042261137,0.008763382,0,0,0,0,0,0,0,0,0,0,0,0,0
Dee,Eskridge,,WR,0,0.019996554,0.003596473,0.111235806,0.043496274,0.054431297,0.010236521,0.007210204,0.01200838,0,0,0,0,0,0,0,0,0,0,0,0
Boston,Scott,,RB,0,0.014910128,0.011054891,0.006806622,0,0,0,0,0,0,0,0,0,0,0,0,0,0,0,0,0
Mitch,Trubisky,,QB,0,0,0.001812483,0.013531935,0,0,0.014990262,0.102999924,0.015286188,0,0,0,0,0,0,0,0,0,0,0,0
Colby,Parkinson,,TE,0,0.003841678,0.014105094,0.026190169,2.36E-04,7.62E-04,0.025364839,0.005139841,0,0,0,0,0,0,0,0,0,0,0,0,0
Cedrick,Wilson,,WR,0,6.61E-04,0.010983773,0.011425772,0.00664126,0.006106487,0.002143335,0,0,0,0,0,0,0,0,0,0,0,0,0,0
Jordan,Akins,,TE,0,0,0,0,0,0,0,0,0,0,0,0,0,0,0,0,0,0,0,0,0
Darnell,Washington,194.9,TE,0,0,0.040796912,0.054708191,0.019961285,0.179745054,0.012112829,0.018443523,0,0.113050692,0.113803092,0,0,0,0,0,0,0,0,0,0
Justin,Watson,,WR,0,0.006696679,0.019022392,4.53E-04,0.001512012,2.31E-04,7.93E-05,0,0,0,0,0,0,0,0,0,0,0,0,0,0
Tyrion,Davis-Price,,RB,0,0.133565381,0.229714681,0.201069415,0.306286737,0.230409548,0.101888296,0.015093462,0.00182942,0,0,0,0,0,0,0,0,0,0,0,0
Devin,Duvernay,,WR,0,0.013120707,0.002282613,0.062927949,0.01973457,0.010564656,0,0,0,0,0,0,0,0,0,0,0,0,0,0,0
Adam,Trautman,,TE,0,0,0,0.046181019,0.027773783,0,0,0,0,0,0,0,0,0,0,0,0,0,0,0,0
PJ,Walker,,QB,0,0.015175715,0,0,0.027152647,0,0.018573946,0.001991966,0.016504332,7.78E-04,0.016173033,0,0,0,0,0,0,0,0,0,0
Chris,Evans,,RB,0,0.093477127,0.064084463,0.048292142,0.056239314,0.005888766,0.010833102,0,0,0,0,0,0,0,0,0,0,0,0,0,0
Cedric,Tillman,176,WR,0,0.053728263,0.118226027,0.137924775,0.104614895,0.062393988,0.073945276,0.00506719,0.04675119,0.001158464,1.02E-04,0,0,0,0,0,0,0,0,0,0
Kevin,Rader,,TE,0,0.001460476,0.071494733,0.030872952,0,0,0,0,0,0,0,0,0,0,0,0,0,0,0,0,0
John,Bates,,TE,0,0.015878109,0.01916405,0.012449129,0,0.014148059,0,0,0,0,0,0,0,0,0,0,0,0,0,0,0
Robert,Tonyan,,TE,0,0.07861017,0,0,0,0,0,0,0,0,0,0,0,0,0,0,0,0,0,0,0
Gunner,Olszewski,,WR,0,0.030799414,0.008868013,0.076572236,0.029848597,0.051167135,0.009208381,0.005096164,0.01084667,0,0,0,0,0,0,0,0,0,0,0,0
KaVontae,Turpin,,WR,0,0.018392577,0.043855779,0.058354623,0.024015105,0.029673386,0.010081811,0,0,0,0,0,0,0,0,0,0,0,0,0,0
Nelson,Agholor,,WR,0,0,0,0,0,0,0,0,0,0,0,0,0,0,0,0,0,0,0,0,0
Shane,Zylstra,,TE,0,0,0.005297769,0.029949488,0.033790325,0,0,0,0,0,0,0,0,0,0,0,0,0,0,0,0
Will,Mallory,,TE,0,0.031449206,0.00311161,0.031604204,0.0438981,0.001500553,0.021141898,0.037393932,0.010024821,0,0,0,0,0,0,0,0,0,0,0,0
Craig,Reynolds,,RB,0,0.001302772,0.036038465,0.003171918,0,0,0,0,0,0,0,0,0,0,0,0,0,0,0,0,0
Justice,Hill,,RB,0,0.079078817,0.075052542,0.063768168,0.044276471,0.01709006,0.010235856,0,0,0,0,0,0,0,0,0,0,0,0,0,0
Velus,Jones,,WR,0,0.017493742,0.001565598,0.098068548,0.038362924,0.04708285,0.005232771,0.001884464,0.006324562,0,0,0,0,0,0,0,0,0,0,0,0
Ray-Ray,McCloud,,WR,0,0.027019808,0.005337656,0.100346065,0.030250232,0.052754087,0.009350553,0.002195254,0.007211094,0,0,0,0,0,0,0,0,0,0,0,0
Josiah,Deguara,,TE,0,0,0,0.042514897,0.058225972,0,0,0,0,0,0,0,0,0,0,0,0,0,0,0,0
Penny,Hart,,WR,0,0.021040204,0.036478733,0.032797619,0.012030603,0.015524488,0.005189289,0,0,0,0,0,0,0,0,0,0,0,0,0,0
Julius,Chestnut,,RB,0,0.127525011,0.208534491,0.169383993,0.286319065,0.211302556,0.083894284,0.021165024,0.002630418,0,0,0,0,0,0,0,0,0,0,0,0
Cameron,Latu,278.4,TE,0,0.00482659,0.096628348,0.060814569,0.067760654,0.003723874,0.017654523,0.006102564,0.03594911,0.002625309,0,3.67E-04,0,0,0,0,0,0,0,0,0
Tre',McKitty,,TE,0,0.020708356,0.025104185,0.009420902,0.001023012,0,0.046885044,0.003859367,0,0,0,0,0,0,0,0,0,0,0,0,0
Ty'Son,Williams,,RB,0,0.052358806,0.035485894,3.94E-04,0.016728721,0,0,0,0,0,0,0,0,0,0,0,0,0,0,0,0
Charlie,Jones,243.7,WR,0,0.012457638,0.055147426,0.107565558,0.074862225,0.070587314,0.020901938,0.046084811,0.043257187,0,0,0,0,0,0,0,0,0,0,0,0
Drew,Sample,,TE,0,1.31E-04,0.003503586,0.034807101,0.018283427,0,0,0,0,0,0,0,0,0,0,0,0,0,0,0,0
Johnny,Mundt,,TE,0,0.06387446,0,0,0,0,0,0,0,0,0,0,0,0,0,0,0,0,0,0,0
Brycen,Hopkins,,TE,0,0,0,0.039307958,0,0.023647845,0,0,0,0,0,0,0,0,0,0,0,0,0,0,0
Justin,Shorter,269.9,WR,0,0.050136353,0.100053055,0.113437366,0.071060297,0.043403692,0.051421538,0.001143757,0.030875554,6.51E-05,0,0,0,0,0,0,0,0,0,0,0
Blaine,Gabbert,,QB,0,0,0,0,0.003535257,0,0,0,0,0,0,0,0,0,0,0,0,0,0,0,0
Tre,Tucker,290.3,WR,0,0.028308395,0.146435733,0.145767362,0.304927101,0.246974864,0.181156533,0.277955532,0.162678564,0.093595991,0.092226209,0.075145371,0.003680364,0.0303381,0.079775019,0.015025688,0,0,0,0,0
Zach,Evans,165.6,RB,0,0.268723887,0.181100944,0.163668113,0.274897048,0.184631086,0.069185076,0.044174899,0.016506434,0.009499773,0.007622459,0.01766286,0,0.005141713,0,0,0,0,0,0,0
Deven,Thompkins,,WR,0,0.023963397,0.025575054,0.04633411,0.067655065,0.010075612,0.027429799,0.01331579,0.04401522,4.12E-04,0,0,0,0,0,0,0,0,0,0,0
Larry,Rountree,,RB,0,0.032166559,0.104265859,0.071877494,0.0440857,0.016803886,0.041819165,0.012454342,0,0,0,0,0,0,0,0,0,0,0,0,0
Erik,Ezukanma,,WR,0,0.02592115,0.086171111,0.083636239,0.087422991,0.049956323,0.072102604,0.013330994,0.029873442,0.001118219,0,0,0,0,0,0,0,0,0,0,0
Easton,Stick,,QB,0,0.062999799,0.115797536,0.016049966,0.045729079,0.007656489,0.041092189,0,0.043450401,0,0.069469493,0,0,0,0,0,0,0,0,0,0
KJ,Hamler,,WR,0,0.007928696,0.03187473,0.088897118,0.10401737,0.054154033,0.090625021,0.062053386,0.052449069,0.041409261,0,0,0,0,0,0,0,0,0,0,0
Dareke,Young,,WR,0,0.011174841,0.045341352,0.045560247,0.084763797,0.055462229,0.065215329,0.045383395,0.028783131,0.025913713,0,0,0,0,0,0,0,0,0,0,0
Richie,James,283.9,WR,0,0.007013988,0,0,0.001559118,0,0,0,0,0,0,0,0,0,0,0,0,0,0,0,0
Jalen,Reagor,,WR,0,0.01407178,0.052574493,0.098041111,0.102909448,0.088428833,0.064808946,0.050126131,0.038981434,0.030691748,0,0,0,0,0,0,0,0,0,0,0
Drew,Lock,,QB,0,0.181396312,0.058855843,0.196829119,0.083550425,0.328534014,0.118881294,0,0,0.018313616,0.012988115,0.012498493,0,0,0,0,0,0,0,0,0
Chris,Manhertz,,TE,0,0,0,0,0,0,0,0,0,0,0,0,0,0,0,0,0,0,0,0,0
Trevor,Siemian,,QB,0,0.163761372,0.338022126,0.023615207,0.490527708,0.66301344,0.696929124,0,0,0,0,0,0,0,0,0,0,0,0,0,0
Phillip,Dorsett,,WR,0,0,0,0,0,0,0,0,0,0,0,0,0,0,0,0,0,0,0,0,0
Troy,Hairston,,RB,0,0.023472547,0.147528056,0.066840155,0.023168489,0.010195672,0.029001458,0.013083774,0,0,0,0,0,0,0,0,0,0,0,0,0
Nick,Mullens,,QB,0,0.048290471,0.002773475,0,0.053972027,0.010561824,0.026569872,0,0.028240593,0,0.039754064,0,0,0,0,0,0,0,0,0,0
Dan,Arnold,,TE,0,0.132538245,0,0,0,0,0,0,0,0,0,0,0,0,0,0,0,0,0,0,0
Charlie,Kolar,,TE,0,0.013137549,0.007992337,0.008779946,0,0,0.017229079,0.001311886,0,0,0,0,0,0,0,0,0,0,0,0,0
Evan,Hull,220.4,RB,0,0.099443375,0.168970051,0.135948154,0.224563605,0.180406967,0.081749279,0.003767268,0,0,0,0,0,0,0,0,0,0,0,0,0
Josh,Whyle,,TE,0,0.026166531,0,0.037129752,0.052982944,0,0.017417867,0.02082545,0.003558674,0,0,0,0,0,0,0,0,0,0,0,0
Tim,Jones,,WR,0,0.011321916,0.064972477,0.098092351,0.07464784,0.078221934,0.028524288,0.034693653,0.04235924,0,0,0,0,0,0,0,0,0,0,0,0
Kayshon,Boutte,191.6,WR,0,0.04866166,0.146590041,0.228851899,0.143076577,0.030818778,0.165236865,0.127219952,0.109406169,0.024971421,0.005290676,0,0,0,0,0,0,0,0,0,0
Britain,Covey,,WR,0,0.015842772,0.001678487,0.10294439,0.030908607,0.047836523,0.002008277,0,0.002345245,0,0,0,0,0,0,0,0,0,0,0,0
Dare,Ogunbowale,,RB,0,0.037543044,0.001006416,0,0,0,0,0,0,0,0,0,0,0,0,0,0,0,0,0,0
Shi,Smith,,WR,0,0.008793645,0.059214961,0.111720923,0.084807395,0.075815862,0.021170557,0.055289023,0.051840482,0,0,0,0,0,0,0,0,0,0,0,0
CJ,Beathard,,QB,0,0.022116972,0.068504582,0.012180754,0,0.005907511,0.010484732,0,0,0,0,0,0,0,0,0,0,0,0,0,0
Jarrett,Stidham,,QB,0,0.228918637,0.108376538,0.066287329,0.056174007,0.360031349,0.056044597,0,0,0.061100959,0.033587785,0.035170088,0,0,0,0,0,0,0,0,0
Dax,Milne,,WR,0,0.007239802,0.034082871,0.05931157,0.089948924,0.051380701,0.077153752,0.05133657,0.036880613,0.029360418,0,0,0,0,0,0,0,0,0,0,0
Chase,Allen,,TE,0,0.0041543,0.015495796,0.008690115,0,0.0057124,0,0,0,0,0,0,0,0,0,0,0,0,0,0,0
David,Bell,,WR,0,0.0570246,0.114760823,0.143858916,0.159840249,0.101302697,0.097260272,0.09372169,0.056139465,0.063762917,0.039783357,0.032636459,0.002702628,0.013013289,0.043338782,0.004780346,0,0,0,0,0
Denzel,Mims,,WR,0,0.009654683,0.00565574,0.030666528,0.013495024,0.006341751,2.04E-04,0,0,0,0,0,0,0,0,0,0,0,0,0,0
Jordan,Mason,295,RB,0,0.015281916,0.071345808,0.057210218,0.030443147,0.010314019,0.034975316,0.010388125,0,0,0,0,0,0,0,0,0,0,0,0,0
Joshua,Dobbs,,QB,0,0.048672855,0.007695888,0.034179609,0.002854194,0,0.071657309,0.13756326,0.08510151,0.004148163,0.060430716,0,0,0,0,0,0,0,0,0,0
Noah,Brown,,WR,0,2.44E-04,0.007615672,0.001579499,0.001242748,5.74E-04,1.88E-04,0,0,0,0,0,0,0,0,0,0,0,0,0,0
Tyler,Badie,,RB,0,0.023912397,0.068444178,0.088196382,0.04904973,0.003547189,0.013586434,0,0,0,0,0,0,0,0,0,0,0,0,0,0
Jalen,Guyton,,WR,0,0.016618778,0.001371838,0.076477172,0.030112175,0.036512505,0.001394583,0,0.001706588,0,0,0,0,0,0,0,0,0,0,0,0
Devin,Asiasi,,TE,0,0.003503264,0.003436952,0.007419335,0,0.014138348,0,0,0,0,0,0,0,0,0,0,0,0,0,0,0
Danny,Gray,,WR,0,0.008940258,0.033596986,0.057360653,0.088430757,0.055648167,0.074808962,0.048683545,0.034106363,0.027488213,0,0,0,0,0,0,0,0,0,0,0
Cooper,Rush,,QB,0,0.072024456,0.208864626,0.01387135,0,0.004734172,0.009546217,0,0,0,0,0,0,0,0,0,0,0,0,0,0
Israel,Abanikanda,166.9,RB,0,0.082824128,0.38908575,0.116636654,0.254869327,0,0.153627691,0.003361936,0,0,0,0,0,0,0,0,0,0,0,0,0
Eric,Gray,206.6,RB,0,0.04938681,0.081410887,0.107246806,0.058415847,0.010150429,0.018401196,1.08E-04,0,0,0,0,0,0,0,0,0,0,0,0,0
Zach,Wilson,241,QB,0,0.537954708,0.932571226,1.000851844,1.015516965,0.971846536,0.490060423,0.618892963,0.687542594,0.965418373,0.647820366,0.810072525,0.481947964,0.775083773,0.527060522,0.284414811,0,0,0,0,0
Spencer,Brown,,RB,0,0.026127917,0.115456064,0.063667856,0.027977423,0.010399132,0.041810548,0.012789388,0,0,0,0,0,0,0,0,0,0,0,0,0
Jameis,Winston,,QB,0,0.052344607,0.089740965,0,0,0,0,0,0,0,0,0,0,0,0,0,0,0,0,0,0
Matt,Barkley,,QB,0,0.003409716,7.00E-04,2.14E-05,0.005512478,0.018421031,0,0,0,0,0,0,0,0,0,0,0,0,0,0,0
Eno,Benjamin,,RB,0,0.016235271,0.070721825,0.054851412,0.037991735,0.013823976,0.035931023,0.011066923,0,0,0,0,0,0,0,0,0,0,0,0,0
James,Mitchell,,TE,0,0.026572009,0,0.026198271,0.033195398,0,0.010107319,0.041463403,0.006297044,0,0,0,0,0,0,0,0,0,0,0,0
Jeremy,Ruckert,,TE,0,0.002229741,0.111440958,0.050628004,0.055445259,0.070018919,0.014378116,0.008017857,0.034647905,0,0,0,0,0,0,0,0,0,0,0,0
Scotty,Miller,,WR,0,0.011570602,0.005620863,0.087408803,0.022819208,0.035771363,0,0,0,0,0,0,0,0,0,0,0,0,0,0,0
Ashton,Dulin,,WR,0,0.016111031,0.001293239,0.072024509,0.028431397,0.036268336,6.71E-04,0,8.21E-04,0,0,0,0,0,0,0,0,0,0,0,0
DeWayne,McBride,187.4,RB,0,0.264226215,0.154252811,0.16707457,0.214199733,0.170178723,0.080924416,0.057744071,0.019537075,0.008760126,0.004707842,0.018419346,0,0.003724534,0,0,0,0,0,0,0
Payne,Durham,,TE,0,0.0011296,0.103768866,0.035947968,0.059753278,0.07708567,0.015597266,0.005832919,0.026548128,0,0,0,0,0,0,0,0,0,0,0,0
Salvon,Ahmed,,RB,0,0.022790396,0.095254899,0.052418718,0.026329514,0.006055202,0.039324803,0.009145699,0,0,0,0,0,0,0,0,0,0,0,0,0
Cole,Turner,,TE,0,9.51E-04,0.086421596,0.046801596,0.061827578,0,0.016124955,0.002163393,0.024839777,0,0,0,0,0,0,0,0,0,0,0,0
Nate,McCrary,,RB,0,0.013689968,0.057611858,0.054449457,0.028385654,0.007093503,0.035827486,0.010064897,0,0,0,0,0,0,0,0,0,0,0,0,0
Zander,Horvath,,RB,0,0.018133543,0.116278427,0.043054829,0.007949785,0.002932853,0.015131575,0.013397732,0,0,0,0,0,0,0,0,0,0,0,0,0
Chris,Moore,,WR,0,0,0.002810608,0,0,0,0,0,0,0,0,0,0,0,0,0,0,0,0,0,0
Jack,Stoll,,TE,0,0.003044384,0.021944357,0.002654024,4.85E-04,0.013489338,0.012166081,0,0,0,0,0,0,0,0,0,0,0,0,0,0
DeAndre,Carter,,WR,0,0,0,0,0,0,0,0,0,0,0,0,0,0,0,0,0,0,0,0,0
Parker,Hesse,,TE,0,0,0.035539413,0.017416601,0,0,0,0,0,0,0,0,0,0,0,0,0,0,0,0,0
Snoop,Conner,,RB,0,0.044401119,0.07908603,0.106202674,0.051897857,0.007834072,0.012265837,0,0,0,0,0,0,0,0,0,0,0,0,0,0
Amari,Rodgers,,WR,0,0.025598567,0.050423055,0.064189287,0.094937691,0.062995655,0.073812136,0.046966972,0.04150609,0.035116523,0,0,0,0,0,0,0,0,0,0,0
Justyn,Ross,212.3,WR,0,0.018154735,0.067279194,0.057531437,0.059327504,0.042816801,0.062620436,0.008239425,0.024469832,0,0,0,0,0,0,0,0,0,0,0,0
Trent,Taylor,,WR,0,0.025010605,0.002456317,0,0,0,0,0,0,0,0,0,0,0,0,0,0,0,0,0,0
Davis,Allen,,TE,0,0,0.05182103,0.020412755,0.062136394,0.168514273,0.025155053,0.003747194,0.037599666,0.037137275,0.029443896,0,0,0,0,0,0,0,0,0,0
Quintin,Morris,,TE,0,0.019453946,0.00548779,0.003331308,0,0,0.034330308,0,0,0,0,0,0,0,0,0,0,0,0,0,0
Elijah,Higgins,298.1,WR,0,0.040342546,0.058512721,0.102518616,0.074660493,0.034917939,0.079057753,0.039043145,0.063412864,0.024630961,0,0.010224123,3.90E-04,0,0,0,0,0,0,0,0
Kendall,Hinton,,WR,0,0.014736228,5.24E-04,0.082394821,0.027715725,0.042043775,0,0,0,0,0,0,0,0,0,0,0,0,0,0,0
Blake,Bell,,TE,0,0,0,0,0,0,0,0,0,0,0,0,0,0,0,0,0,0,0,0,0
Stone,Smartt,,TE,0,0.046315167,0.021970758,0.004541506,4.83E-04,0,0.055178715,0,0,0,0,0,0,0,0,0,0,0,0,0,0
Nick,Muse,,TE,0,0.014155739,0.011780072,0.006411926,2.03E-04,0,0.026926548,0,0,0,0,0,0,0,0,0,0,0,0,0,0
JJ,Taylor,,RB,0,0.011483312,0.058140781,0.06202706,0.002830837,0.01698879,0.002504237,0,0,0,0,0,0,0,0,0,0,0,0,0,0
OJ,Howard,,TE,0,0.051852421,0,0,0,0,0,0,0,0,0,0,0,0,0,0,0,0,0,0,0
Bryan,Edwards,,WR,0,0.004209853,0.044545512,0.076674673,0.062426621,0.053263899,0.022726483,0.035373538,0.036140067,0,0,0,0,0,0,0,0,0,0,0,0
Lance,McCutcheon,,WR,0,0.007617932,0.027219115,0.052872069,0.070963668,0.045871237,0.044554467,0.036690482,0.024503942,0.022098532,0,0,0,0,0,0,0,0,0,0,0
Reggie,Gilliam,,RB,0,0.041911553,0.015297891,0.007746975,0.032243489,0,0,0,0,0,0,0,0,0,0,0,0,0,0,0,0
Albert,Okwuegbunam,,TE,0,0,0.008371304,0.001365486,1.34E-04,0,0.028123259,0,0,0,0,0,0,0,0,0,0,0,0,0,0
Sean,McKeon,,TE,0,0,0.006176801,0.002777306,0,0.006310722,0,0,0,0,0,0,0,0,0,0,0,0,0,0,0
Luke,Farrell,,TE,0,0,0.011178757,0.00233708,0,0.00891316,0,0,0,0,0,0,0,0,0,0,0,0,0,0,0
Tyler,Mabry,,TE,0,0,0,0.018684682,0.015229152,0,0,0,0,0,0,0,0,0,0,0,0,0,0,0,0
Jason,Huntley,,RB,0,0.040582468,0.125365171,0.06746116,0.016388394,0.012489179,0.003781116,0,0,0,0,0,0,0,0,0,0,0,0,0,0
Matt,Sokol,,TE,0,0,0.041203942,0.001776701,0,0,0,0,0,0,0,0,0,0,0,0,0,0,0,0,0
Zach,Gentry,,TE,0,0,0,0.03423578,0,0,0,0,0,0,0,0,0,0,0,0,0,0,0,0,0
Simi,Fehoko,,WR,0,0.00944111,0.001532071,0.027888991,0.009634731,0.004816784,0,0,0,0,0,0,0,0,0,0,0,0,0,0,0
Stephen,Sullivan,,TE,0,0,0,0.02734322,0.009308589,0,0,0,0,0,0,0,0,0,0,0,0,0,0,0,0
Brevin,Jordan,,TE,0,9.44E-04,0.082009104,0.021491258,0.026104517,0.039362912,0.007257954,0.00313511,0.049743406,0,0,0,0,0,0,0,0,0,0,0,0
Demario,Douglas,,WR,0,0.018031068,0.067553706,0.068501035,0.017162677,0.014314302,0.038170788,1.35E-04,0.005685276,0.005827191,0,0.006049421,1.18E-04,0,0,0,0,0,0,0,0
Lew,Nichols,,RB,0,0.24975383,0.127534438,0.152257391,0.207030218,0.195668438,0.0877076,0.065701597,0.016756946,0.003962249,0,0.011953255,0,0,0,0,0,0,0,0,0
Cade,Johnson,,WR,0,0.002750482,0.052995179,0.084453915,0.057160366,0.065613468,0.012903771,0.048736871,0.054937133,0,0,0,0,0,0,0,0,0,0,0,0
Andrew,Beck,,TE,0,0,0,0.018894358,0.011098023,0,0,0,0,0,0,0,0,0,0,0,0,0,0,0,0
Lawrence,Cager,,TE,0,0,0,0.005479671,0,0,0,0,0,0,0,0,0,0,0,0,0,0,0,0,0
Miles,Boykin,,WR,0,0.012357762,4.12E-04,0.039388062,0.010780946,0.026923988,0,0,0,0,0,0,0,0,0,0,0,0,0,0,0
Grant,DuBose,,WR,0,0.052603084,0.14327775,0.119285828,0.20771802,0.16118127,0.080382444,0.194365361,0.101014615,0.07179841,0.009592696,0.015155675,0,0,0,0,0,0,0,0,0
Alex,Erickson,,WR,0,0,0,0,0,0,0,0,0,0,0,0,0,0,0,0,0,0,0,0,0
Ross,Dwelley,,TE,0,0.049632478,0,0,0,0,0,0,0,0,0,0,0,0,0,0,0,0,0,0,0
Andre,Baccellia,,WR,0,0.018657456,0.001368682,0.057153804,0.01452929,0.035599754,0,0,0,0,0,0,0,0,0,0,0,0,0,0,0
Chris,Conley,,WR,0,0,0,0,0,0,0,0,0,0,0,0,0,0,0,0,0,0,0,0,0
Tyler,Scott,249.8,WR,0,0.059066246,0.187082323,0.180893244,0.462390119,0.353597478,0.186151647,0.417115353,0.202029683,0.104015355,0.118098031,0.044447783,0,0.014645974,0.098681351,0,0,0,0,0,0
Derius,Davis,,WR,0,0.019312891,0.042199149,0.045756711,0.022514071,0.022871489,0.03624288,0,0.029305737,0.012274644,0,0.012415652,0,0,0,0,0,0,0,0,0
Marcus,Kemp,,WR,0,0,0,0,4.15E-04,0,0,0,0,0,0,0,0,0,0,0,0,0,0,0,0
Noah,Togiai,,TE,0,0.00442686,0.017176925,0.009735185,0,0.004534524,0,0,0,0,0,0,0,0,0,0,0,0,0,0,0
James,Proche,,WR,0,0.015454362,0.023574714,0.036772613,0.015439888,0.040180483,7.80E-04,0,0,0,0,0,0,0,0,0,0,0,0,0,0
Frank,Darby,,WR,0,0.005263366,0.003085006,0.050493721,0.010100546,0.004975569,0,0,0,0,0,0,0,0,0,0,0,0,0,0,0
Kylen,Granson,,TE,0,0,0.011778276,0.002159119,0,0,0.062544704,0,0,0,0,0,0,0,0,0,0,0,0,0,0
Kenny,McIntosh,258.6,RB,0,0.044096638,0.066948971,0.073628967,0.029044595,0.001178021,0.005191159,0,0,0,0,0,0,0,0,0,0,0,0,0,0
Tanner,Hudson,,TE,0,0.045024103,0,0,0,0,0,0,0,0,0,0,0,0,0,0,0,0,0,0,0
Jalen,Nailor,,WR,0,0.004782844,0.020697517,0.050367856,0.067841282,0.038958428,0.051370739,0.032874851,0.034260415,0.030204638,0,0,0,0,0,0,0,0,0,0,0
Zack,Kuntz,273.7,TE,0,0.01232137,0,0.013814565,0.050868208,0,0.00976167,8.15E-05,0,0,0,0,0,0,0,0,0,0,0,0,0
Tyler,Davis,,TE,0,0,0.007602589,0,0,0.008251281,0,0,0,0,0,0,0,0,0,0,0,0,0,0,0
David,Wells,,TE,0,0,0.049418074,0,0,0,0,0,0,0,0,0,0,0,0,0,0,0,0,0,0
Grant,Calcaterra,,TE,0,0.024338552,0.007688855,0.002494871,0,0,0.032629275,0,0,0,0,0,0,0,0,0,0,0,0,0,0
Charlie,Woerner,,TE,0,0,0.007432537,0,0,0.001951925,0,0,0,0,0,0,0,0,0,0,0,0,0,0,0
John,FitzPatrick,,TE,0,0,0.093428955,0.041037646,0.052764724,0,0.008222049,0,0.008644793,0,0,0,0,0,0,0,0,0,0,0,0
Racey,McMath,,WR,0,0.005749247,0.027542473,0.023098779,0.052251731,0.041447079,0.03856887,0.025428436,0.018432304,0.017725889,0,0,0,0,0,0,0,0,0,0,0
Trinity,Benson,,WR,0,0.012513348,0.00133238,0.033747655,0.00883447,0.021480041,0,0,0,0,0,0,0,0,0,0,0,0,0,0,0